SET SQL_MODE = "NO_AUTO_VALUE_ON_ZERO";
START TRANSACTION;
SET time_zone = "+00:00";


/*!40101 SET @OLD_CHARACTER_SET_CLIENT=@@CHARACTER_SET_CLIENT */;
/*!40101 SET @OLD_CHARACTER_SET_RESULTS=@@CHARACTER_SET_RESULTS */;
/*!40101 SET @OLD_COLLATION_CONNECTION=@@COLLATION_CONNECTION */;
/*!40101 SET NAMES utf8mb4 */;

--
-- Database: `baiplus_final`
--

CREATE DATABASE IF NOT EXISTS baiplus_final;
USE baiplus_final;

-- --------------------------------------------------------

--
-- Table structure for table `account`
--

CREATE TABLE `account` (
  `account_id` int(10) UNSIGNED ZEROFILL NOT NULL,
  `account_name` varchar(32) NOT NULL,
  `account_DOP` datetime DEFAULT current_timestamp(),
  `account_balance` double NOT NULL,
  `customer_id` char(13) DEFAULT NULL,
  `account_type` varchar(16) NOT NULL,
  `account_status` varchar(16) NOT NULL,
  `bank_id` varchar(10) DEFAULT NULL
) ENGINE=InnoDB DEFAULT CHARSET=utf8mb4 COLLATE=utf8mb4_general_ci;

--
-- Dumping data for table `account`
--

INSERT INTO `account` (`account_id`, `account_name`, `account_DOP`, `account_balance`, `customer_id`, `account_type`, `account_status`, `bank_id`) VALUES
(0000000001, 'Tonleaw_Savings', '2023-05-27 04:44:51', 999999999, '1212655369869', 'Savings', 'Active', 'KTB'),
(0000000002, 'Chanoknan_Savings', '2023-05-27 04:59:46', 123, '5463990913686', 'Savings', 'Freeze Permanent', 'BPBANK'),
(0000000003, 'Tinnapob_Savings', '2023-05-27 04:03:30', 0, '0716001017453', 'Savings', 'Freeze Permanent', 'BBL'),
(0000000004, 'Korakot_Savings', '2023-05-27 04:46:58', 8, '4849589473356', 'Savings', 'Freeze Permanent', 'BPBANK'),
(0000000005, 'Traitod_Business', '2023-05-27 04:46:58', 468589, '1123701674644', 'Business', 'Freeze Permanent', 'BPBANK'),
(0000000006, 'Waranthorn_Savings', '2023-05-27 04:02:54', 123634, '0103637904046', 'Savings', 'Active', 'BPBANK'),
(0000000007, 'Chalee_Current', '2023-05-27 04:02:55', 894137, '9741868447666', 'Current', 'Active', 'KBANK'),
(0000000008, 'Napatsorn_Savings', '2023-05-27 04:02:56', 907046, '9625478683424', 'Savings', 'Active', 'KTB'),
(0000000009, 'Wasaya_Business', '2023-05-27 04:02:46', 4481512, '9512858027713', 'Business', 'Active', 'SCB'),
(0000000010, 'Wasaya_Business', '2023-05-27 04:02:44', 483730, '9512858027713', 'Business', 'Active', 'KTB'),
(0000000011, 'Sirisak _Savings', '2023-05-27 04:02:43', 351649, '9461414406240', 'Savings', 'Active', 'KBANK'),
(0000000012, 'Kun_Savings', '2023-05-27 04:02:21', 9999999.99, '8976553439009', 'Savings', 'Closed', 'BPBANK'),
(0000000013, 'Keerati_Savings', '2023-05-27 04:02:41', 528537, '8823305043944', 'Savings', 'Active', 'SCB'),
(0000000014, 'Pakapong_Current', '2023-05-27 04:02:22', 393855, '7808003001081', 'Current', 'Active', 'TTB'),
(0000000015, 'Kochapan_Current', '2023-05-27 04:02:39', 999999, '3482857229764', 'Current', 'Active', 'BPBANK'),
(0000000016, 'Sirisak _Savings', '2023-05-27 04:02:53', 399725, '9461414406240', 'Savings', 'Active', 'SCB'),
(0000000017, 'Nattha_Current', '2017-05-27 05:09:53', 999999.99, '8547391811425', 'Current', 'Freeze Permanent', 'BPBANK'),
(0000000018, 'Pongpob_Savings', '2023-05-27 04:02:36', 175543, '1718260168628', 'Savings', 'Suspend', 'BPBANK'),
(0000000019, 'Natniti _Current', '2023-05-27 04:02:35', 67321.23, '4668946598449', 'Current', 'Active', 'TTB'),
(0000000020, 'Thapanat_Current', '2023-05-27 04:02:51', 674253.46, '0875317876446', 'Current', 'Active', 'KTB'),
(0000000021, 'Chunruk_Savings', '2020-12-09 00:00:00', 61000, '0000000000000', 'Savings', 'Active', 'BBL'),
(0000000022, 'Waranthorn_Current', '2021-08-03 00:00:00', 90000, '0103637904046', 'Current', 'Active', 'BPBANK'),
(0000000023, 'Memee_Savings', '2021-09-30 00:00:00', 56000, '0270032039709', 'Savings', 'Active', 'KTB'),
(0000000024, 'Nitithorn_Savings', '2021-10-09 00:00:00', 47000, '0314691077658', 'Savings', 'Active', 'BPBANK'),
(0000000025, 'Kulnida_Savings', '2023-01-07 00:00:00', 89000, '0555699514479', 'Savings', 'Active', 'KBANK'),
(0000000026, 'Kulaporn_Savings', '2021-09-10 00:00:00', 52000, '0688503558984', 'Savings', 'Active', 'BBL'),
(0000000027, 'Tinnapob_Current', '2022-01-26 00:00:00', 35000, '0716001017453', 'Current', 'Active', 'BPBANK'),
(0000000028, 'Thapanat_Current', '2020-10-10 00:00:00', 71000, '0875317876446', 'Current', 'Active', 'KBANK'),
(0000000029, 'Kochaporn_Savings', '2023-03-01 00:00:00', 23000, '0968230930050', 'Savings', 'Active', 'BPBANK'),
(0000000030, 'Traitod_Current', '2020-06-21 00:00:00', 45000, '1123701674644', 'Current', 'Active', 'BPBANK'),
(0000000031, 'Nonnatin _Savings', '2020-01-24 00:00:00', 60000, '1143394535243', 'Savings', 'Active', 'BPBANK'),
(0000000032, 'Tonleaw_Current', '2022-08-04 00:00:00', 55000, '1212655369869', 'Current', 'Active', 'KBANK'),
(0000000033, 'Pawin_Savings', '2020-11-09 00:00:00', 94000, '1419980761061', 'Savings', 'Active', 'KBANK'),
(0000000034, 'Benjamas_Savings', '2022-06-18 00:00:00', 75000, '1549957797399', 'Savings', 'Active', 'BPBANK'),
(0000000035, 'Pavida_Savings', '2021-01-27 00:00:00', 79000, '1607511485238', 'Savings', 'Active', 'KBANK'),
(0000000036, 'Pongpob_Current', '2021-07-09 00:00:00', 96000, '1718260168628', 'Current', 'Active', 'BPBANK'),
(0000000037, 'Bongkoch_Savings', '2020-10-20 00:00:00', 93000, '1947542340824', 'Savings', 'Active', 'SCB'),
(0000000038, 'Teerana_Savings', '2020-03-26 00:00:00', 80000, '2524366063788', 'Savings', 'Active', 'KTB'),
(0000000039, 'Thanatip_Savings', '2021-05-29 00:00:00', 20000, '2929771862497', 'Savings', 'Active', 'TTB'),
(0000000040, 'Wanaporn_Savings', '2021-08-06 00:00:00', 30000, '2970037191843', 'Savings', 'Active', 'BPBANK'),
(0000000041, 'Thanyarat_Savings', '2022-07-21 00:00:00', 25000, '3283747746155', 'Savings', 'Active', 'BPBANK'),
(0000000042, 'Kochapan_Current', '2021-03-02 00:00:00', 50000, '3482857229764', 'Current', 'Active', 'BBL'),
(0000000043, 'Poch_Savings', '2022-08-02 00:00:00', 68000, '3592422794246', 'Savings', 'Active', 'SCB'),
(0000000044, 'Wimonwan_Savings', '2020-05-02 00:00:00', 49000, '3615647926419', 'Savings', 'Active', 'SCB'),
(0000000045, 'Waleerat_Savings', '2022-01-20 00:00:00', 31000, '3728065396753', 'Savings', 'Active', 'TTB'),
(0000000046, 'Rachanon_Savings', '2022-01-08 00:00:00', 96000, '3810079794081', 'Savings', 'Active', 'BPBANK'),
(0000000047, 'Suthida_Savings', '2020-10-09 00:00:00', 25000, '3888897345759', 'Savings', 'Active', 'BBL'),
(0000000048, 'Pakapong_Savings', '2020-07-02 00:00:00', 87000, '3890212945219', 'Savings', 'Active', 'BBL'),
(0000000049, 'Malika _Savings', '2021-09-08 00:00:00', 62000, '4041627241429', 'Savings', 'Active', 'BPBANK'),
(0000000050, 'Bawonpoj_Savings', '2020-08-17 00:00:00', 56000, '4084314342776', 'Savings', 'Active', 'BBL'),
(0000000051, 'Tangjareonsakul_Savings', '2021-05-26 00:00:00', 70000, '4116129393956', 'Savings', 'Active', 'KBANK'),
(0000000052, 'Ponganan_Savings', '2023-01-28 00:00:00', 63000, '4509880817191', 'Savings', 'Active', 'BBL'),
(0000000053, 'Thitapa_Savings', '2020-07-26 00:00:00', 57000, '4561828900671', 'Savings', 'Active', 'SCB'),
(0000000054, 'Natniti _Current', '2021-08-10 00:00:00', 31000, '4668946598449', 'Current', 'Active', 'BPBANK'),
(0000000055, 'Darunai_Savings', '2020-02-16 00:00:00', 44000, '4788098144891', 'Savings', 'Active', 'BPBANK'),
(0000000056, 'Korakot_Current', '2020-11-11 00:00:00', 96000, '4849589473356', 'Current', 'Active', 'BPBANK'),
(0000000057, 'Nattatham_Savings', '2020-12-10 00:00:00', 43000, '4932782649790', 'Savings', 'Active', 'KTB'),
(0000000058, 'Chanoknan_Current', '2020-06-22 00:00:00', 96000, '5463990913686', 'Current', 'Active', 'BPBANK'),
(0000000059, 'Kittitorn_Savings', '2023-03-27 00:00:00', 72000, '5673784727218', 'Savings', 'Active', 'BPBANK'),
(0000000060, 'Sira_Savings', '2020-11-13 00:00:00', 94000, '5769409615300', 'Savings', 'Active', 'SCB'),
(0000000061, 'Suchavadi_Savings', '2022-08-06 00:00:00', 77000, '5847132784947', 'Savings', 'Active', 'BPBANK'),
(0000000062, 'Nipa_Savings', '2021-05-25 00:00:00', 28000, '5889752138598', 'Savings', 'Active', 'BPBANK'),
(0000000063, 'Phuripat_Savings', '2020-10-05 00:00:00', 35000, '6502872802287', 'Savings', 'Active', 'BPBANK'),
(0000000064, 'Sudarat_Savings', '2022-12-06 00:00:00', 55000, '6952170284142', 'Savings', 'Active', 'KBANK'),
(0000000065, 'Jakpon_Savings', '2020-03-05 00:00:00', 34000, '7121307484391', 'Savings', 'Active', 'SCB'),
(0000000066, 'Krongkwan_Savings', '2020-06-27 00:00:00', 70000, '7243767554572', 'Savings', 'Active', 'KTB'),
(0000000067, 'Pakapong_Current', '2020-01-20 00:00:00', 62000, '7808003001081', 'Current', 'Active', 'SCB'),
(0000000068, 'Thanad_Savings', '2022-04-29 00:00:00', 55000, '7974234406910', 'Savings', 'Active', 'BPBANK'),
(0000000069, 'Mongkolpakdee_Savings', '2021-12-14 00:00:00', 45000, '8041420352941', 'Savings', 'Active', 'KTB'),
(0000000070, 'Theepob_Savings', '2023-03-09 00:00:00', 53000, '8134802218758', 'Savings', 'Active', 'BPBANK'),
(0000000071, 'Pachariya_Savings', '2020-10-10 00:00:00', 39000, '8232113866912', 'Savings', 'Active', 'KBANK'),
(0000000072, 'Jiroj_Savings', '2020-04-30 00:00:00', 25000, '8272394379603', 'Savings', 'Active', 'BPBANK'),
(0000000073, 'Nattha_Current', '2020-09-01 00:00:00', 78000, '8547391811425', 'Current', 'Active', 'BPBANK'),
(0000000074, 'Keerati_Current', '2020-06-17 00:00:00', 58000, '8823305043944', 'Current', 'Active', 'TTB'),
(0000000075, 'Thanyarat_Savings', '2023-04-23 00:00:00', 68000, '8862220537623', 'Savings', 'Active', 'BPBANK'),
(0000000076, 'Tanisra_Savings', '2022-07-14 00:00:00', 50000, '8867492069861', 'Savings', 'Active', 'BBL'),
(0000000077, 'Kun_Current', '2021-12-19 00:00:00', 97000, '8976553439009', 'Current', 'Active', 'BPBANK'),
(0000000078, 'Thitirat_Savings', '2022-03-14 00:00:00', 91000, '9073188282331', 'Savings', 'Active', 'KTB'),
(0000000079, 'Sirisak _Business', '2022-07-06 00:00:00', 77000, '9461414406240', 'Business', 'Active', 'BPBANK'),
(0000000080, 'Wasaya_Business', '2022-09-14 00:00:00', 83000, '9512858027713', 'Business', 'Active', 'KBANK'),
(0000000081, 'Napatsorn_Current', '2021-11-23 00:00:00', 58000, '9625478683424', 'Current', 'Active', 'SCB'),
(0000000082, 'Chalee_Current', '2020-12-26 00:00:00', 81000, '9741868447666', 'Current', 'Active', 'KTB'),
(0000000084, 'Chunruk_Current', '2021-11-15 00:00:00', 83000, '0000000000000', 'Current', 'Active', 'BPBANK'),
(0000000085, 'Waranthorn_Business', '2020-08-09 00:00:00', 96000, '0103637904046', 'Business', 'Active', 'BPBANK'),
(0000000086, 'Memee_Current', '2021-05-13 00:00:00', 39000, '0270032039709', 'Current', 'Active', 'BPBANK'),
(0000000087, 'Nitithorn_Current', '2020-12-16 00:00:00', 52000, '0314691077658', 'Current', 'Active', 'BPBANK'),
(0000000088, 'Kulnida_Current', '2022-05-09 00:00:00', 92000, '0555699514479', 'Current', 'Active', 'BPBANK'),
(0000000089, 'Kulaporn_Current', '2022-04-13 00:00:00', 92000, '0688503558984', 'Current', 'Active', 'KBANK'),
(0000000090, 'Tinnapob_Business', '2022-07-28 00:00:00', 77000, '0716001017453', 'Business', 'Active', 'BPBANK'),
(0000000091, 'Thapanat_Business', '2022-01-13 00:00:00', 94000, '0875317876446', 'Business', 'Active', 'TTB'),
(0000000092, 'Kochaporn_Current', '2022-06-02 00:00:00', 45000, '0968230930050', 'Current', 'Active', 'BPBANK'),
(0000000093, 'Traitod_Business', '2020-11-04 00:00:00', 94000, '1123701674644', 'Business', 'Active', 'SCB'),
(0000000094, 'Nonnatin _Current', '2022-10-20 00:00:00', 63000, '1143394535243', 'Current', 'Active', 'BPBANK'),
(0000000095, 'Tonleaw_Business', '2021-10-18 00:00:00', 96000, '1212655369869', 'Business', 'Active', 'BPBANK'),
(0000000096, 'Pawin_Current', '2023-05-16 00:00:00', 55000, '1419980761061', 'Current', 'Active', 'BPBANK'),
(0000000097, 'Benjamas_Current', '2023-03-14 00:00:00', 94000, '1549957797399', 'Current', 'Active', 'KTB'),
(0000000098, 'Pavida_Current', '2023-03-03 00:00:00', 37000, '1607511485238', 'Current', 'Active', 'BPBANK'),
(0000000099, 'Pongpob_Business', '2022-08-26 00:00:00', 23000, '1718260168628', 'Business', 'Active', 'BBL'),
(0000000100, 'Bongkoch_Current', '2021-11-25 00:00:00', 57000, '1947542340824', 'Current', 'Active', 'SCB'),
(0000000101, 'Teerana_Current', '2022-10-16 00:00:00', 44000, '2524366063788', 'Current', 'Active', 'BPBANK'),
(0000000102, 'Thanatip_Current', '2021-02-09 00:00:00', 59000, '2929771862497', 'Current', 'Active', 'BPBANK'),
(0000000103, 'Wanaporn_Current', '2023-03-22 00:00:00', 42000, '2970037191843', 'Current', 'Active', 'KTB'),
(0000000104, 'Thanyarat_Current', '2020-05-04 00:00:00', 85000, '3283747746155', 'Current', 'Active', 'KTB'),
(0000000105, 'Kochapan_Business', '2022-04-18 00:00:00', 91000, '3482857229764', 'Business', 'Active', 'BPBANK'),
(0000000106, 'Poch_Current', '2021-12-29 00:00:00', 65000, '3592422794246', 'Current', 'Active', 'BPBANK'),
(0000000107, 'Wimonwan_Current', '2022-04-04 00:00:00', 27000, '3615647926419', 'Current', 'Active', 'BPBANK'),
(0000000108, 'Waleerat_Current', '2020-09-14 00:00:00', 62000, '3728065396753', 'Current', 'Active', 'BPBANK'),
(0000000109, 'Rachanon_Current', '2022-03-27 00:00:00', 30000, '3810079794081', 'Current', 'Active', 'TTB'),
(0000000110, 'Suthida_Current', '2023-03-09 00:00:00', 80000, '3888897345759', 'Current', 'Active', 'TTB'),
(0000000111, 'Pakapong_Current', '2020-06-03 00:00:00', 65000, '3890212945219', 'Current', 'Active', 'BPBANK'),
(0000000112, 'Malika _Current', '2021-10-18 00:00:00', 44000, '4041627241429', 'Current', 'Active', 'KTB'),
(0000000113, 'Bawonpoj_Current', '2022-12-22 00:00:00', 33000, '4084314342776', 'Current', 'Active', 'BPBANK'),
(0000000114, 'Tangjareonsakul_Current', '2021-08-24 00:00:00', 86000, '4116129393956', 'Current', 'Active', 'SCB'),
(0000000115, 'Ponganan_Current', '2021-06-29 00:00:00', 22000, '4509880817191', 'Current', 'Active', 'BBL'),
(0000000116, 'Thitapa_Current', '2022-06-21 00:00:00', 78000, '4561828900671', 'Current', 'Active', 'BPBANK'),
(0000000117, 'Natniti _Business', '2020-04-11 00:00:00', 24000, '4668946598449', 'Business', 'Active', 'BPBANK'),
(0000000118, 'Darunai_Current', '2023-04-15 00:00:00', 79000, '4788098144891', 'Current', 'Active', 'KTB'),
(0000000119, 'Korakot_Business', '2021-05-13 00:00:00', 82000, '4849589473356', 'Business', 'Active', 'SCB'),
(0000000120, 'Nattatham_Current', '2021-07-29 00:00:00', 26000, '4932782649790', 'Current', 'Active', 'TTB'),
(0000000121, 'Chanoknan_Business', '2021-08-27 00:00:00', 37000, '5463990913686', 'Business', 'Active', 'KTB'),
(0000000122, 'Kittitorn_Current', '2021-06-19 00:00:00', 69000, '5673784727218', 'Current', 'Active', 'SCB'),
(0000000123, 'Sira_Current', '2020-10-02 00:00:00', 89000, '5769409615300', 'Current', 'Active', 'KBANK'),
(0000000124, 'Suchavadi_Current', '2022-05-10 00:00:00', 20000, '5847132784947', 'Current', 'Active', 'TTB'),
(0000000125, 'Nipa_Current', '2020-08-26 00:00:00', 85000, '5889752138598', 'Current', 'Active', 'BBL'),
(0000000126, 'Phuripat_Current', '2021-02-14 00:00:00', 94000, '6502872802287', 'Current', 'Active', 'KTB'),
(0000000127, 'Sudarat_Current', '2020-05-01 00:00:00', 80000, '6952170284142', 'Current', 'Active', 'BPBANK'),
(0000000128, 'Jakpon_Current', '2020-09-22 00:00:00', 65000, '7121307484391', 'Current', 'Active', 'BPBANK'),
(0000000129, 'Krongkwan_Current', '2021-07-06 00:00:00', 61000, '7243767554572', 'Current', 'Active', 'BPBANK'),
(0000000130, 'Pakapong_Business', '2022-08-17 00:00:00', 24000, '7808003001081', 'Business', 'Active', 'SCB'),
(0000000131, 'Thanad_Current', '2023-01-18 00:00:00', 35000, '7974234406910', 'Current', 'Active', 'BPBANK'),
(0000000132, 'Mongkolpakdee_Current', '2023-01-16 00:00:00', 66000, '8041420352941', 'Current', 'Active', 'BPBANK'),
(0000000133, 'Theepob_Current', '2021-01-02 00:00:00', 88000, '8134802218758', 'Current', 'Active', 'BPBANK'),
(0000000134, 'Pachariya_Current', '2021-08-30 00:00:00', 36000, '8232113866912', 'Current', 'Active', 'KTB'),
(0000000135, 'Jiroj_Current', '2020-04-27 00:00:00', 75000, '8272394379603', 'Current', 'Active', 'BPBANK'),
(0000000136, 'Nattha_Business', '2023-04-19 00:00:00', 36000, '8547391811425', 'Business', 'Active', 'BPBANK'),
(0000000137, 'Keerati_Business', '2023-02-19 00:00:00', 43000, '8823305043944', 'Business', 'Active', 'KTB'),
(0000000138, 'Thanyarat_Current', '2022-07-11 00:00:00', 31000, '8862220537623', 'Current', 'Active', 'BPBANK'),
(0000000139, 'Tanisra_Current', '2023-03-30 00:00:00', 47000, '8867492069861', 'Current', 'Active', 'BBL'),
(0000000140, 'Kun_Business', '2021-07-21 00:00:00', 22000, '8976553439009', 'Business', 'Active', 'SCB'),
(0000000141, 'Thitirat_Current', '2021-01-24 00:00:00', 76000, '9073188282331', 'Current', 'Active', 'KBANK'),
(0000000142, 'Sirisak _Business', '2022-06-30 00:00:00', 25000, '9461414406240', 'Business', 'Active', 'BPBANK'),
(0000000143, 'Wasaya_Business', '2021-06-26 00:00:00', 84000, '9512858027713', 'Business', 'Active', 'BBL'),
(0000000144, 'Napatsorn_Business', '2022-07-03 00:00:00', 34000, '9625478683424', 'Business', 'Active', 'TTB'),
(0000000145, 'Chalee_Business', '2021-02-01 00:00:00', 65000, '9741868447666', 'Business', 'Active', 'KBANK');

-- --------------------------------------------------------

--
-- Table structure for table `bank`
--

CREATE TABLE `bank` (
  `bank_id` varchar(10) NOT NULL,
  `bank_name` varchar(32) NOT NULL,
  `bank_pic` varchar(255) DEFAULT NULL
) ENGINE=InnoDB DEFAULT CHARSET=utf8mb4 COLLATE=utf8mb4_general_ci;

--
-- Dumping data for table `bank`
--

INSERT INTO `bank` (`bank_id`, `bank_name`, `bank_pic`) VALUES
('BBL', 'Bangkok Bank', 'bbl.png'),
('BPBANK', 'BaiPlus Bank', 'bpbank.png'),
('KBANK', 'Kasikorn Bank', 'kbank.png'),
('KTB', 'Krungthai Bank', 'ktb.png'),
('SCB', 'Siam Commercial Bank', 'scb.png'),
('TTB', 'TMBThanachart Bank', 'ttb.png');

-- --------------------------------------------------------

--
-- Table structure for table `bill`
--

CREATE TABLE `bill` (
  `bill_id` int(12) UNSIGNED ZEROFILL NOT NULL,
  `bill_exp` datetime NOT NULL DEFAULT current_timestamp() ON UPDATE current_timestamp(),
  `bill_amount` double NOT NULL,
  `bill_owner_fname` char(32) NOT NULL,
  `bill_owner_lname` char(32) NOT NULL,
  `biller_id` int(16) UNSIGNED ZEROFILL NOT NULL,
  `account_id` int(10) UNSIGNED ZEROFILL NOT NULL
) ENGINE=InnoDB DEFAULT CHARSET=utf8mb4 COLLATE=utf8mb4_general_ci;

--
-- Dumping data for table `bill`
--

INSERT INTO `bill` (`bill_id`, `bill_exp`, `bill_amount`, `bill_owner_fname`, `bill_owner_lname`, `biller_id`, `account_id`) VALUES
(000000000001, '2023-05-28 22:27:00', 10000, 'Chanoknan', 'Saisamang', 0000000000000001, 0000000002),
(000000000002, '2023-05-28 22:27:04', 5000, 'Tinnapob', 'Watcharajirakul', 0000000000000001, 0000000003),
(000000000003, '2023-05-31 16:14:00', 5000, 'Pongpob', 'Ruengrangsan', 0000000000000002, 0000000018),
(000000000004, '2023-05-04 16:15:00', 1500, 'Natniti', 'Reongsamai', 0000000000000003, 0000000019),
(000000000005, '2023-05-31 16:16:00', 2000, 'Kochapan', 'Jaroentip', 0000000000000004, 0000000015),
(000000000006, '2023-05-28 22:27:09', 1000, 'Tonleaw', 'Tanasin', 0000000000000004, 0000000001),
(000000000007, '2023-05-28 22:45:35', 2000, 'Bongkoch', 'Rattana', 0000000000000005, 0000000037),
(000000000008, '2023-10-27 00:00:00', 5500, 'Chanoknan', 'Saisamang', 0000000000000001, 0000000002),
(000000000009, '2023-10-26 00:00:00', 8200, 'Pongpob', 'Ruengrangsan', 0000000000000002, 0000000018),
(000000000010, '2023-03-05 00:00:00', 7800, 'Natniti', 'Reongsamai', 0000000000000003, 0000000019),
(000000000011, '2023-11-30 00:00:00', 6100, 'Kochapan', 'Jaroentip', 0000000000000004, 0000000015),
(000000000012, '2023-10-27 00:00:00', 6600, 'Bongkoch', 'Rattana', 0000000000000005, 0000000037),
(000000000015, '2023-08-25 00:00:00', 3700, 'Chanoknan', 'Saisamang', 0000000000000001, 0000000002),
(000000000016, '2023-06-12 00:00:00', 4900, 'Pongpob', 'Ruengrangsan', 0000000000000002, 0000000018),
(000000000017, '2023-08-16 00:00:00', 10400, 'Natniti', 'Reongsamai', 0000000000000003, 0000000019),
(000000000018, '2023-11-12 00:00:00', 5800, 'Kochapan', 'Jaroentip', 0000000000000004, 0000000015),
(000000000019, '2023-10-31 00:00:00', 8000, 'Bongkoch', 'Rattana', 0000000000000005, 0000000037),
(000000000022, '2023-01-08 00:00:00', 2200, 'Chanoknan', 'Saisamang', 0000000000000001, 0000000002),
(000000000023, '2023-07-17 00:00:00', 4400, 'Pongpob', 'Ruengrangsan', 0000000000000002, 0000000018),
(000000000024, '2023-02-04 00:00:00', 5400, 'Natniti', 'Reongsamai', 0000000000000003, 0000000019),
(000000000025, '2023-12-10 00:00:00', 4700, 'Kochapan', 'Jaroentip', 0000000000000004, 0000000015),
(000000000026, '2023-01-25 00:00:00', 2900, 'Bongkoch', 'Rattana', 0000000000000005, 0000000037),
(000000000029, '2023-10-29 00:00:00', 9300, 'Chanoknan', 'Saisamang', 0000000000000001, 0000000002),
(000000000030, '2023-09-17 00:00:00', 1400, 'Pongpob', 'Ruengrangsan', 0000000000000002, 0000000018),
(000000000031, '2023-02-02 00:00:00', 4000, 'Natniti', 'Reongsamai', 0000000000000003, 0000000019),
(000000000032, '2023-04-09 00:00:00', 5200, 'Kochapan', 'Jaroentip', 0000000000000004, 0000000015),
(000000000033, '2023-04-28 00:00:00', 4300, 'Bongkoch', 'Rattana', 0000000000000005, 0000000037),
(000000000036, '2023-05-12 00:00:00', 5400, 'Chanoknan', 'Saisamang', 0000000000000001, 0000000002),
(000000000037, '2023-02-19 00:00:00', 4400, 'Pongpob', 'Ruengrangsan', 0000000000000002, 0000000018),
(000000000038, '2023-04-27 00:00:00', 6700, 'Natniti', 'Reongsamai', 0000000000000003, 0000000019),
(000000000039, '2023-11-20 00:00:00', 8300, 'Kochapan', 'Jaroentip', 0000000000000004, 0000000015),
(000000000040, '2023-01-01 00:00:00', 9000, 'Bongkoch', 'Rattana', 0000000000000005, 0000000037),
(000000000043, '2023-12-25 00:00:00', 2500, 'Chanoknan', 'Saisamang', 0000000000000001, 0000000002),
(000000000044, '2023-10-20 00:00:00', 6600, 'Pongpob', 'Ruengrangsan', 0000000000000002, 0000000018),
(000000000045, '2023-06-05 00:00:00', 5300, 'Natniti', 'Reongsamai', 0000000000000003, 0000000019),
(000000000046, '2023-11-20 00:00:00', 2400, 'Kochapan', 'Jaroentip', 0000000000000004, 0000000015),
(000000000047, '2023-01-19 00:00:00', 9200, 'Bongkoch', 'Rattana', 0000000000000005, 0000000037),
(000000000050, '2023-12-21 00:00:00', 10400, 'Chanoknan', 'Saisamang', 0000000000000001, 0000000002),
(000000000051, '2023-10-26 00:00:00', 3500, 'Pongpob', 'Ruengrangsan', 0000000000000002, 0000000018),
(000000000052, '2023-10-17 00:00:00', 3200, 'Natniti', 'Reongsamai', 0000000000000003, 0000000019),
(000000000053, '2023-09-21 00:00:00', 10500, 'Kochapan', 'Jaroentip', 0000000000000004, 0000000015),
(000000000054, '2023-08-13 00:00:00', 3000, 'Bongkoch', 'Rattana', 0000000000000005, 0000000037),
(000000000057, '2023-10-01 00:00:00', 7200, 'Chanoknan', 'Saisamang', 0000000000000001, 0000000002),
(000000000058, '2023-11-21 00:00:00', 6700, 'Pongpob', 'Ruengrangsan', 0000000000000002, 0000000018),
(000000000059, '2023-03-08 00:00:00', 3000, 'Natniti', 'Reongsamai', 0000000000000003, 0000000019),
(000000000060, '2023-06-15 00:00:00', 7600, 'Kochapan', 'Jaroentip', 0000000000000004, 0000000015),
(000000000061, '2023-12-20 00:00:00', 9500, 'Bongkoch', 'Rattana', 0000000000000005, 0000000037),
(000000000064, '2023-08-14 00:00:00', 1100, 'Chanoknan', 'Saisamang', 0000000000000001, 0000000002),
(000000000065, '2023-03-14 00:00:00', 10600, 'Pongpob', 'Ruengrangsan', 0000000000000002, 0000000018),
(000000000066, '2023-03-19 00:00:00', 2700, 'Natniti', 'Reongsamai', 0000000000000003, 0000000019),
(000000000067, '2023-03-30 00:00:00', 7900, 'Kochapan', 'Jaroentip', 0000000000000004, 0000000015),
(000000000068, '2023-09-21 00:00:00', 6400, 'Bongkoch', 'Rattana', 0000000000000005, 0000000037),
(000000000071, '2023-01-03 00:00:00', 3400, 'Chanoknan', 'Saisamang', 0000000000000001, 0000000002),
(000000000072, '2023-03-11 00:00:00', 3300, 'Pongpob', 'Ruengrangsan', 0000000000000002, 0000000018),
(000000000073, '2023-07-31 00:00:00', 3100, 'Natniti', 'Reongsamai', 0000000000000003, 0000000019),
(000000000074, '2023-04-28 00:00:00', 10600, 'Kochapan', 'Jaroentip', 0000000000000004, 0000000015),
(000000000075, '2023-11-15 00:00:00', 5700, 'Bongkoch', 'Rattana', 0000000000000005, 0000000037),
(000000000078, '2023-12-05 00:00:00', 3000, 'Chanoknan', 'Saisamang', 0000000000000001, 0000000002),
(000000000079, '2023-03-22 00:00:00', 5900, 'Pongpob', 'Ruengrangsan', 0000000000000002, 0000000018),
(000000000080, '2023-10-29 00:00:00', 7500, 'Natniti', 'Reongsamai', 0000000000000003, 0000000019),
(000000000081, '2023-10-10 00:00:00', 10100, 'Kochapan', 'Jaroentip', 0000000000000004, 0000000015),
(000000000082, '2023-04-07 00:00:00', 6700, 'Bongkoch', 'Rattana', 0000000000000005, 0000000037),
(000000000085, '2023-02-14 00:00:00', 1400, 'Chanoknan', 'Saisamang', 0000000000000001, 0000000002),
(000000000086, '2023-11-12 00:00:00', 2900, 'Pongpob', 'Ruengrangsan', 0000000000000002, 0000000018),
(000000000087, '2023-05-22 00:00:00', 4500, 'Natniti', 'Reongsamai', 0000000000000003, 0000000019),
(000000000088, '2023-08-02 00:00:00', 9800, 'Kochapan', 'Jaroentip', 0000000000000004, 0000000015),
(000000000089, '2023-08-30 00:00:00', 7600, 'Bongkoch', 'Rattana', 0000000000000005, 0000000037),
(000000000092, '2023-02-06 00:00:00', 10100, 'Chanoknan', 'Saisamang', 0000000000000001, 0000000002),
(000000000093, '2023-04-17 00:00:00', 8000, 'Pongpob', 'Ruengrangsan', 0000000000000002, 0000000018),
(000000000094, '2023-08-23 00:00:00', 2000, 'Natniti', 'Reongsamai', 0000000000000003, 0000000019),
(000000000095, '2023-08-13 00:00:00', 8400, 'Kochapan', 'Jaroentip', 0000000000000004, 0000000015),
(000000000096, '2023-11-21 00:00:00', 3100, 'Bongkoch', 'Rattana', 0000000000000005, 0000000037),
(000000000099, '2023-05-19 00:00:00', 5600, 'Chanoknan', 'Saisamang', 0000000000000001, 0000000002),
(000000000100, '2023-03-16 00:00:00', 7100, 'Pongpob', 'Ruengrangsan', 0000000000000002, 0000000018),
(000000000101, '2023-06-25 00:00:00', 6500, 'Natniti', 'Reongsamai', 0000000000000003, 0000000019),
(000000000102, '2023-05-02 00:00:00', 10900, 'Kochapan', 'Jaroentip', 0000000000000004, 0000000015),
(000000000103, '2023-12-21 00:00:00', 9800, 'Bongkoch', 'Rattana', 0000000000000005, 0000000037),
(000000000106, '2023-06-21 00:00:00', 7200, 'Chanoknan', 'Saisamang', 0000000000000001, 0000000002),
(000000000107, '2023-09-16 00:00:00', 7700, 'Pongpob', 'Ruengrangsan', 0000000000000002, 0000000018),
(000000000108, '2023-04-07 00:00:00', 3800, 'Natniti', 'Reongsamai', 0000000000000003, 0000000019),
(000000000109, '2023-08-17 00:00:00', 3800, 'Kochapan', 'Jaroentip', 0000000000000004, 0000000015),
(000000000110, '2023-07-14 00:00:00', 9100, 'Bongkoch', 'Rattana', 0000000000000005, 0000000037),
(000000000113, '2023-05-20 00:00:00', 9900, 'Chanoknan', 'Saisamang', 0000000000000001, 0000000002),
(000000000114, '2023-05-05 00:00:00', 1000, 'Pongpob', 'Ruengrangsan', 0000000000000002, 0000000018),
(000000000115, '2023-01-08 00:00:00', 1700, 'Natniti', 'Reongsamai', 0000000000000003, 0000000019),
(000000000116, '2023-04-30 00:00:00', 5000, 'Kochapan', 'Jaroentip', 0000000000000004, 0000000015),
(000000000117, '2023-01-12 00:00:00', 10400, 'Bongkoch', 'Rattana', 0000000000000005, 0000000037),
(000000000120, '2023-04-23 00:00:00', 4000, 'Chanoknan', 'Saisamang', 0000000000000001, 0000000002),
(000000000121, '2023-08-03 00:00:00', 1400, 'Pongpob', 'Ruengrangsan', 0000000000000002, 0000000018),
(000000000122, '2023-06-08 00:00:00', 1500, 'Natniti', 'Reongsamai', 0000000000000003, 0000000019),
(000000000123, '2023-12-14 00:00:00', 7200, 'Kochapan', 'Jaroentip', 0000000000000004, 0000000015),
(000000000124, '2023-03-30 00:00:00', 4500, 'Bongkoch', 'Rattana', 0000000000000005, 0000000037),
(000000000127, '2023-10-26 00:00:00', 6800, 'Chanoknan', 'Saisamang', 0000000000000001, 0000000002),
(000000000128, '2023-06-17 00:00:00', 6400, 'Pongpob', 'Ruengrangsan', 0000000000000002, 0000000018),
(000000000129, '2023-05-10 00:00:00', 2300, 'Natniti', 'Reongsamai', 0000000000000003, 0000000019),
(000000000130, '2023-08-08 00:00:00', 7000, 'Kochapan', 'Jaroentip', 0000000000000004, 0000000015),
(000000000131, '2023-03-30 00:00:00', 4900, 'Bongkoch', 'Rattana', 0000000000000005, 0000000037),
(000000000134, '2023-06-04 00:00:00', 3600, 'Chanoknan', 'Saisamang', 0000000000000001, 0000000002),
(000000000135, '2023-01-19 00:00:00', 5500, 'Pongpob', 'Ruengrangsan', 0000000000000002, 0000000018),
(000000000136, '2023-02-17 00:00:00', 3800, 'Natniti', 'Reongsamai', 0000000000000003, 0000000019),
(000000000137, '2023-01-06 00:00:00', 3200, 'Kochapan', 'Jaroentip', 0000000000000004, 0000000015),
(000000000138, '2023-02-05 00:00:00', 9000, 'Bongkoch', 'Rattana', 0000000000000005, 0000000037),
(000000000141, '2023-04-22 00:00:00', 2800, 'Chanoknan', 'Saisamang', 0000000000000001, 0000000002),
(000000000142, '2023-01-08 00:00:00', 6400, 'Pongpob', 'Ruengrangsan', 0000000000000002, 0000000018),
(000000000143, '2023-08-22 00:00:00', 6800, 'Natniti', 'Reongsamai', 0000000000000003, 0000000019),
(000000000144, '2023-01-07 00:00:00', 4200, 'Kochapan', 'Jaroentip', 0000000000000004, 0000000015),
(000000000145, '2023-07-24 00:00:00', 9300, 'Bongkoch', 'Rattana', 0000000000000005, 0000000037);

-- --------------------------------------------------------

--
-- Table structure for table `billerinfo`
--

CREATE TABLE `billerinfo` (
  `biller_id` int(16) UNSIGNED ZEROFILL NOT NULL,
  `biller_name` varchar(32) NOT NULL,
  `biller_address` varchar(32) NOT NULL,
  `postcode` char(5) DEFAULT NULL,
  `biller_img` varchar(255) DEFAULT NULL
) ENGINE=InnoDB DEFAULT CHARSET=utf8mb4 COLLATE=utf8mb4_general_ci;

--
-- Dumping data for table `billerinfo`
--

INSERT INTO `billerinfo` (`biller_id`, `biller_name`, `biller_address`, `postcode`, `biller_img`) VALUES
(0000000000000001, 'Metropolitan Electricity Authori', '141/52', '10110', 'mea.jpg'),
(0000000000000002, 'Provincial Waterworks Authority', '142341/121124', '10900', 'pwa.jpg'),
(0000000000000003, 'AIS', '3211221', '37000', 'ais.png'),
(0000000000000004, 'TRUE', '86756758', '57110', 'true.png'),
(0000000000000005, 'DTAC', '200/11', '10400', 'Dtac.jpg');

-- --------------------------------------------------------

--
-- Table structure for table `creditcard`
--

CREATE TABLE `creditcard` (
  `card_no` char(16) NOT NULL,
  `card_exp` datetime NOT NULL,
  `cvv` char(3) NOT NULL,
  `max_limit` double NOT NULL,
  `customer_ID` char(13) DEFAULT NULL,
  `bank_id` varchar(10) DEFAULT NULL,
  `card_status` text NOT NULL
) ENGINE=InnoDB DEFAULT CHARSET=utf8mb4 COLLATE=utf8mb4_general_ci;

--
-- Dumping data for table `creditcard`
--

INSERT INTO `creditcard` (`card_no`, `card_exp`, `cvv`, `max_limit`, `customer_ID`, `bank_id`, `card_status`) VALUES
('0263438318170084', '2023-06-14 00:00:00', '317', 41000, '7121307484391', 'KBANK', '1'),
('0412144977983222', '2023-10-16 00:00:00', '133', 75000, '3728065396753', 'BPBANK', '1'),
('0416957866788802', '2023-12-03 00:00:00', '243', 64000, '0103637904046', 'BPBANK', '1'),
('0429861387638246', '2023-06-14 00:00:00', '262', 17000, '4116129393956', 'KBANK', '1'),
('0477219680768642', '2023-08-24 00:00:00', '885', 28000, '7808003001081', 'BPBANK', '1'),
('0502121439671257', '2023-06-28 00:00:00', '563', 45000, '5847132784947', 'BPBANK', '1'),
('0521827210226866', '2023-07-03 00:00:00', '662', 84000, '0000000000000', 'BPBANK', '1'),
('0680266759060571', '2023-10-06 00:00:00', '809', 31000, '1143394535243', 'BBL', '1'),
('0971723721336316', '2023-07-24 00:00:00', '013', 35000, '9741868447666', 'BPBANK', '1'),
('1147563812460344', '2023-07-12 00:00:00', '684', 83000, '5769409615300', 'KBANK', '1'),
('1188933617611353', '2023-07-20 00:00:00', '872', 66000, '7974234406910', 'SCB', '1'),
('2036120781708621', '2023-11-14 00:00:00', '323', 33000, '8041420352941', 'BPBANK', '1'),
('2099082034173498', '2023-08-19 00:00:00', '272', 30000, '4788098144891', 'BPBANK', '1'),
('2183583306319623', '2023-11-02 00:00:00', '990', 79000, '1123701674644', 'SCB', '1'),
('2361643726342957', '2023-06-02 00:00:00', '401', 95000, '3890212945219', 'KTB', '1'),
('2475071365456163', '2023-12-03 00:00:00', '616', 52000, '5673784727218', 'BBL', '1'),
('2598541120624674', '2023-08-22 00:00:00', '202', 84000, '3888897345759', 'BBL', '1'),
('3088314917952116', '2023-08-19 00:00:00', '992', 83000, '8134802218758', 'BPBANK', '1'),
('3208760100611262', '2023-12-25 00:00:00', '919', 70000, '4849589473356', 'TTB', '1'),
('3458087857307948', '2023-09-07 00:00:00', '322', 27000, '2970037191843', 'BPBANK', '1'),
('3505572428466354', '2023-06-13 00:00:00', '311', 40000, '8547391811425', 'KBANK', '1'),
('3747510485115936', '2023-07-25 00:00:00', '208', 32000, '0875317876446', 'BBL', '1'),
('3944675730489824', '2023-06-15 00:00:00', '218', 87000, '1718260168628', 'TTB', '1'),
('4034268133374181', '2023-10-25 00:00:00', '249', 25000, '9512858027713', 'BPBANK', '1'),
('4177268263117660', '2023-09-26 00:00:00', '534', 100000, '1607511485238', 'BPBANK', '1'),
('4686075434727665', '2023-10-02 00:00:00', '535', 93000, '3482857229764', 'BBL', '1'),
('4928228114664767', '2023-06-04 00:00:00', '680', 38000, '5463990913686', 'TTB', '1'),
('4990781801744161', '2023-10-11 00:00:00', '648', 42000, '4932782649790', 'TTB', '1'),
('5065183383473366', '2023-09-08 00:00:00', '845', 83000, '0555699514479', 'BBL', '1'),
('5084834504020246', '2023-09-30 00:00:00', '350', 12000, '1549957797399', 'BPBANK', '1'),
('5116724423241545', '2023-07-11 00:00:00', '464', 75000, '2524366063788', 'BPBANK', '1'),
('5641265889295625', '2023-07-21 00:00:00', '540', 97000, '4509880817191', 'BPBANK', '1'),
('5749310046200929', '2023-12-02 00:00:00', '618', 54000, '8823305043944', 'SCB', '1'),
('6272661710411926', '2023-06-10 00:00:00', '420', 93000, '7243767554572', 'BPBANK', '1'),
('6453087745656341', '2023-07-21 00:00:00', '299', 78000, '0270032039709', 'BBL', '1'),
('6586361766407604', '2023-08-02 00:00:00', '547', 84000, '4084314342776', 'KBANK', '1'),
('6599557359329944', '2023-09-20 00:00:00', '667', 78000, '0968230930050', 'KBANK', '1'),
('6676618565504084', '2023-08-17 00:00:00', '855', 24000, '5889752138598', 'BPBANK', '1'),
('6856681794725994', '2023-08-24 00:00:00', '973', 69000, '8867492069861', 'BPBANK', '1'),
('7001756110230234', '2023-12-04 00:00:00', '285', 82000, '9073188282331', 'BPBANK', '1'),
('7086609757586019', '2023-06-04 00:00:00', '035', 17000, '9625478683424', 'BPBANK', '1'),
('7156038151267952', '2023-09-30 00:00:00', '736', 96000, '4668946598449', 'TTB', '1'),
('7289492178046603', '2023-09-24 00:00:00', '559', 23000, '2929771862497', 'BPBANK', '1'),
('7680864145682067', '2023-06-16 00:00:00', '118', 40000, '6952170284142', 'BPBANK', '1'),
('7707100843737927', '2023-08-23 00:00:00', '692', 33000, '4041627241429', 'BPBANK', '1'),
('7744261340931301', '2023-09-16 00:00:00', '225', 64000, '0314691077658', 'BPBANK', '1'),
('7784898865767660', '2023-08-05 00:00:00', '262', 42000, '6502872802287', 'TTB', '1'),
('7838869809954306', '2023-11-11 00:00:00', '501', 27000, '1419980761061', 'KBANK', '1'),
('7849696593219132', '2023-12-25 00:00:00', '527', 74000, '3283747746155', 'TTB', '1'),
('7854493090747383', '2023-06-10 00:00:00', '929', 53000, '0688503558984', 'TTB', '1'),
('8305012675286283', '2023-07-08 00:00:00', '452', 73000, '0716001017453', 'BPBANK', '1'),
('8574479295475855', '2023-11-11 00:00:00', '288', 21000, '1947542340824', 'SCB', '1'),
('8951602875209975', '2023-08-31 00:00:00', '510', 31000, '9461414406240', 'TTB', '1'),
('9050822517881936', '2023-12-05 00:00:00', '705', 89000, '3615647926419', 'BPBANK', '1'),
('9178320569152310', '2023-08-16 00:00:00', '083', 38000, '4561828900671', 'BPBANK', '1'),
('9300499883760232', '2023-08-30 00:00:00', '383', 65000, '8232113866912', 'KBANK', '1'),
('9431537864200340', '2023-07-08 00:00:00', '123', 14000, '8272394379603', 'KTB', '1'),
('9654796691289914', '2023-10-16 00:00:00', '352', 83000, '3810079794081', 'BPBANK', '1'),
('9696183129862122', '2023-11-19 00:00:00', '126', 29000, '8976553439009', 'SCB', '1'),
('9784365612812682', '2023-11-01 00:00:00', '699', 38000, '8862220537623', 'TTB', '1'),
('9917493034077336', '2023-10-19 00:00:00', '338', 74000, '1212655369869', 'KTB', '1'),
('9969054395304112', '2023-08-29 00:00:00', '157', 55000, '3592422794246', 'BPBANK', '1');

-- --------------------------------------------------------

--
-- Table structure for table `customer`
--

CREATE TABLE `customer` (
  `customer_ID` char(13) NOT NULL,
  `customer_fname` varchar(32) NOT NULL,
  `customer_lname` varchar(32) NOT NULL,
  `customer_email` varchar(30) NOT NULL,
  `customer_DOB` date NOT NULL,
  `customer_gender` char(6) NOT NULL,
  `customer_address` varchar(32) NOT NULL,
  `customer_postcode` char(5) DEFAULT NULL,
  `card_code` char(12) NOT NULL,
  `customer_phone` char(10) NOT NULL,
  `customer_password` varchar(24) NOT NULL,
  `account_pin` varchar(6) NOT NULL,
  `salary` double NOT NULL,
  `salary_file` varchar(255) DEFAULT NULL,
  `img` varchar(255) NOT NULL
) ENGINE=InnoDB DEFAULT CHARSET=utf8mb4 COLLATE=utf8mb4_general_ci;

--
-- Dumping data for table `customer`
--

INSERT INTO `customer` (`customer_ID`, `customer_fname`, `customer_lname`, `customer_email`, `customer_DOB`, `customer_gender`, `customer_address`, `customer_postcode`, `card_code`, `customer_phone`, `customer_password`, `account_pin`, `salary`, `salary_file`, `img`) VALUES
('0000000000000', 'Chunruk', 'Cpe', 'CPE@kmutt.ac.th', '2003-05-10', 'Male', '241/11', '37000', 'TT3456789101', '0980001111', '12345678', '123456', 100000, NULL, 'default_profile.png'),
('0103637904046', 'Waranthorn', 'Suwanwechatada', 'Waranthorn@gmail.com', '1993-05-01', 'Female', '214/5 Soi 71', '10550', 'AA4596636085', '0815059061', '57166c12', '629689', 110000, NULL, 'default_profile.png'),
('0270032039709', 'Memee', 'Udomdechraksa', 'Memee@gmail.com', '2013-05-01', 'Female', '350/18 Soi 17', '10500', 'AA4299167849', '0844276860', 'e3770848', '834349', 70000, NULL, 'default_profile.png'),
('0314691077658', 'Nitithorn', 'Phupanitch', 'Nitithorn@gmail.com', '2003-05-01', 'Male', '219/12 Soi 44', '10210', 'AA4133512662', '0876207121', '4dcdec96', '282677', 100000, NULL, 'default_profile.png'),
('0555699514479', 'Kulnida', 'Sukseree', 'Kulnida@gmail.com', '1991-05-02', 'Female', '5/9 Soi 3', '10700', 'AA4103062294', '0858205029', '5159719f', '910340', 70000, NULL, 'default_profile.png'),
('0688503558984', 'Kulaporn', 'Samransub', 'Kulaporn@gmail.com', '1995-05-05', 'Male', '465/11 Soi 75', '10520', 'AA4802205969', '0852403782', '2a7a14d1', '703667', 30000, NULL, 'default_profile.png'),
('0716001017453', 'Tinnapob', 'Watcharajirakul', 'Tinnapob@gmail.com', '2000-05-05', 'Female', '21/9 Soi 72', '11110', 'AA4136657646', '0877403830', 'f749fcc8', '787318', 110000, NULL, 'default_profile.png'),
('0875317876446', 'Thapanat', 'Glinpetch', 'Thapanat@gmail.com', '1982-05-01', 'Male', '137/14 Soi 44', '10570', 'AA4308735637', '0839807805', '411e9960', '825589', 70000, NULL, 'default_profile.png'),
('0968230930050', 'Kochaporn', 'Rattanaprasert', 'Kochaporn@gmail.com', '1986-05-04', 'Female', '346/17 Soi 6', '30020', 'AA4044865660', '0846827540', '40c49b3a', '765992', 20000, NULL, 'default_profile.png'),
('1123701674644', 'Traitod', 'Treesup', 'Traitod@gmail.com', '1913-07-27', 'Female', '442/4 Soi 24', '10310', 'AA4847014329', '0814714286', 'f9735ac3', '353191', 60000, NULL, 'default_profile.png'),
('1143394535243', 'Nonnatin ', 'Kaewwilai', 'Nonnatin@gmail.com', '1934-05-17', 'Female', '464/15 Soi 73', '10160', 'AA4747948130', '0813088816', '61ea1926', '467983', 110000, NULL, 'default_profile.png'),
('1212655369869', 'Tonleaw', 'Tanasin', 'TonTon@gmail.com', '1946-04-01', 'Female', '161/18 Soi 38', '10570', 'JB1111111111', '0811301223', '063928f3', '280341', 50000, NULL, 'default_profile.png'),
('1419980761061', 'Pawin', 'Jaroekijatara', 'Pawin@gmail.com', '2018-01-21', 'Female', '335/19 Soi 59', '10580', 'AA4080657873', '0897239672', '4f58b44b', '997759', 30000, NULL, 'default_profile.png'),
('1549957797399', 'Benjamas', 'Jantaraprakarn', 'Benjamas@gmail.com', '1936-11-11', 'Male', '408/18 Soi 76', '10580', 'AA4171519755', '0882294694', '0b9c36c0', '147769', 60000, NULL, 'default_profile.png'),
('1607511485238', 'Pavida', 'Wilairat', 'Pavida@gmail.com', '1963-03-16', 'Female', '36/11 Soi 37', '10700', 'AA4727812960', '0819754456', '3c836edb', '745569', 30000, NULL, 'default_profile.png'),
('1718260168628', 'Pongpob', 'Ruengrangsan', 'Pongpob@gmail.com', '2001-04-28', 'Male', '344/2 Soi 20', '10310', 'AA4984842916', '0821888203', '95955e36', '284540', 20000, NULL, 'default_profile.png'),
('1947542340824', 'Bongkoch', 'Sirilai', 'Bongkoch@gmail.com', '1976-12-27', 'Male', '25/11 Soi 30', '50000', 'AA4451788236', '0840177651', '5f501133', '185991', 110000, NULL, 'default_profile.png'),
('2524366063788', 'Teerana', 'Sangthong', 'Teerana@gmail.com', '1945-05-19', 'Male', '172/13 Soi 79', '11110', 'AA4123207764', '0835223649', 'e1e7e75c', '076337', 70000, NULL, 'default_profile.png'),
('2929771862497', 'Thanatip', 'Lertkoonawong', 'Thanatip@gmail.com', '2013-07-07', 'Male', '55/12 Soi 53', '10250', 'AA4248280842', '0845585296', '81bcf5ca', '823713', 20000, NULL, 'default_profile.png'),
('2970037191843', 'Wanaporn', 'Wilairat', 'Wanaporn@gmail.com', '1923-07-02', 'Female', '254/12 Soi 20', '10580', 'AA4925821042', '0822255536', '9edc9427', '889552', 80000, NULL, 'default_profile.png'),
('3283747746155', 'Thanyarat', 'Wongjaroen', 'Thanyarat@gmail.com', '1923-05-21', 'Female', '276/1 Soi 41', '10220', 'AA4888859107', '0854521796', '8378934c', '976623', 30000, NULL, 'default_profile.png'),
('3482857229764', 'Kochapan', 'Jaroentip', 'Kochapan@gmail.com', '1994-10-12', 'Male', '214/13 Soi 67', '10550', 'AA4793670207', '0815842373', 'b4cee9c3', '214461', 70000, NULL, 'default_profile.png'),
('3592422794246', 'Poch', 'Rattanaprasert', 'Poch@gmail.com', '1948-06-23', 'Male', '154/1 Soi 19', '10520', 'AA4956472939', '0885646482', '9c530e30', '142437', 40000, NULL, 'default_profile.png'),
('3615647926419', 'Wimonwan', 'Jirawanitch', 'Wimonwan@gmail.com', '2010-11-04', 'Female', '34/13 Soi 1', '30000', 'AA4037215786', '0810705294', '63f3ab5a', '068801', 100000, NULL, 'default_profile.png'),
('3728065396753', 'Waleerat', 'Krajangwong', 'Waleerat@gmail.com', '1970-02-14', 'Male', '41/9 Soi 61', '10800', 'AA4455752367', '0856587027', '4a0c419b', '916697', 50000, NULL, 'default_profile.png'),
('3810079794081', 'Rachanon', 'Posamran', 'Rachanon@gmail.com', '1938-01-29', 'Male', '302/15 Soi 68', '10700', 'AA4099178352', '0860819258', '39ecf7fc', '377079', 50000, NULL, 'default_profile.png'),
('3888897345759', 'Suthida', 'Udomsab', 'Suthida@gmail.com', '1990-12-18', 'Female', '8/12 Soi 57', '11000', 'AA4872880505', '0834335212', 'b6daf287', '135306', 90000, NULL, 'default_profile.png'),
('3890212945219', 'Pakapong', 'Posamran', 'Pakapong@gmail.com', '1943-10-18', 'Male', '448/7 Soi 5', '10220', 'AA4621269782', '0869218287', '80ede840', '545295', 60000, NULL, 'default_profile.png'),
('4041627241429', 'Malika ', 'Kamthong', 'Malika@gmail.com', '1906-01-08', 'Male', '116/20 Soi 20', '10500', 'AA4207908358', '0853085803', 'e63b3758', '320558', 30000, NULL, 'default_profile.png'),
('4084314342776', 'Bawonpoj', 'Pongpilai', 'Bawonpoj@gmail.com', '1915-04-22', 'Male', '138/13 Soi 28', '10560', 'AA4988016906', '0847774158', 'cfa4dbd0', '966903', 70000, NULL, 'default_profile.png'),
('4116129393956', 'Tangjareonsakul', 'Tangjareonsakul', 'Tangjareonsakul@gmail.com', '1972-06-11', 'Male', '396/19 Soi 26', '10280', 'AA4884650144', '0869613386', '17554e81', '872841', 110000, NULL, 'default_profile.png'),
('4509880817191', 'Ponganan', 'Wichienwit', 'Ponganan@gmail.com', '1903-07-02', 'Female', '462/12 Soi 8', '10710', 'AA4480327639', '0834882126', 'd1b1f64a', '698963', 50000, NULL, 'default_profile.png'),
('4561828900671', 'Thitapa', 'Malaikaew', 'Thitapa@gmail.com', '1900-06-08', 'Male', '378/10 Soi 16', '10250', 'AA4501765070', '0830177267', '288fb4af', '104323', 50000, NULL, 'default_profile.png'),
('4668946598449', 'Natniti ', 'Reongsamai', 'Natniti@gmail.com', '1987-07-21', 'Male', '247/18 Soi 75', '10270', 'AA4118666019', '0836239958', '51ff7e8e', '424727', 70000, NULL, 'default_profile.png'),
('4788098144891', 'Darunai', 'Pongraksa', 'Darunai@gmail.com', '1903-09-29', 'Female', '1/5 Soi 7', '10510', 'AA4395894205', '0880667995', '694e5c99', '810667', 90000, NULL, 'default_profile.png'),
('4849589473356', 'Korakot', 'Thammapak', 'Korakot@gmail.com', '1940-03-12', 'Female', '381/12 Soi 40', '10280', 'AA4241723946', '0814620102', '74af4603', '779153', 110000, NULL, 'default_profile.png'),
('4932782649790', 'Nattatham', 'Laoarun', 'Nattatham@gmail.com', '2013-11-29', 'Female', '408/12 Soi 39', '10110', 'AA4339309932', '0891096529', 'efbaafc7', '463764', 80000, NULL, 'default_profile.png'),
('5463990913686', 'Chanoknan', 'Saisamang', 'Chanoknan@hotmail.com', '1989-05-28', 'Male', '313/15 Soi 51', '10560', 'AA4357648308', '0841622342', '3d5ce563', '981364', 50000, NULL, 'default_profile.png'),
('5673784727218', 'Kittitorn', 'Patamadecha', 'Kittitorn@hotmail.com', '1907-10-17', 'Female', '17/6 Soi 27', '50000', 'AA4263374258', '0814822128', '99d2d431', '515526', 110000, NULL, 'default_profile.png'),
('5769409615300', 'Sira', 'Sathannunwon', 'Sira@hotmail.com', '1931-04-23', 'Male', '403/1 Soi 58', '40030', 'AA4015231832', '0829243617', '7dfeb60f', '633538', 70000, NULL, 'default_profile.png'),
('5847132784947', 'Suchavadi', 'Jarastham', 'Suchavadi@hotmail.com', '1920-10-14', 'Female', '265/10 Soi 65', '10120', 'AA4765349495', '0891751705', '888267a7', '621112', 20000, NULL, 'default_profile.png'),
('5889752138598', 'Nipa', 'Saisamang', 'Nipa@hotmail.com', '1930-08-24', 'Male', '286/10 Soi 46', '10250', 'AA4719912167', '0891027676', '550722e0', '204947', 80000, NULL, 'default_profile.png'),
('6502872802287', 'Phuripat', 'Sangdara', 'Phuripat@hotmail.com', '2006-09-10', 'Male', '239/14 Soi 76', '31000', 'AA4214116550', '0879883271', '013b0d5c', '161402', 100000, NULL, 'default_profile.png'),
('6952170284142', 'Sudarat', 'Changthong', 'Sudarat@hotmail.com', '1918-03-09', 'Female', '347/13 Soi 9', '10250', 'AA4706714616', '0826333327', 'f9eb0f41', '192169', 60000, NULL, 'default_profile.png'),
('7121307484391', 'Jakpon', 'Prangsub', 'Jakpon@hotmail.com', '1997-11-21', 'Male', '309/16 Soi 78', '10320', 'AA4288280908', '0862016826', '7ee634e1', '476638', 60000, NULL, 'default_profile.png'),
('7243767554572', 'Krongkwan', 'Roengtip', 'Krongkwan@hotmail.com', '1949-01-28', 'Male', '279/18 Soi 57', '10520', 'AA4169842695', '0841084151', '56e09bff', '806682', 30000, NULL, 'default_profile.png'),
('7808003001081', 'Pakapong', 'Chokchai', 'Pakapong@hotmail.com', '1966-08-28', 'Male', '462/10 Soi 51', '57110', 'AA4786201811', '0899370279', '4dce81af', '603499', 70000, NULL, 'default_profile.png'),
('7974234406910', 'Thanad', 'Phupak', 'Thanad@hotmail.com', '1959-10-19', 'Female', '364/15 Soi 39', '40000', 'AA4742779435', '0893598949', '3d350d38', '597448', 20000, NULL, 'default_profile.png'),
('8041420352941', 'Mongkolpakdee', 'Mongkolpakdee', 'Mongkolpakdee@hotmail.com', '1903-08-31', 'Male', '105/13 Soi 31', '11000', 'AA4311740146', '0869883909', 'bfa8d6d2', '176746', 70000, NULL, 'default_profile.png'),
('8134802218758', 'Theepob', 'Kanjanamas', 'Theepob@hotmail.com', '1970-11-19', 'Male', '61/9 Soi 69', '70000', 'AA4006894386', '0858622701', '101375a2', '091386', 60000, NULL, 'default_profile.png'),
('8232113866912', 'Pachariya', 'Jantarakiat', 'Pachariya@hotmail.com', '1947-08-15', 'Male', '482/5 Soi 24', '70000', 'AA4035912052', '0873461780', 'bdd67702', '926692', 110000, NULL, 'default_profile.png'),
('8272394379603', 'Jiroj', 'Mongkonjit', 'Jiroj@hotmail.com', '1946-08-14', 'Female', '371/17 Soi 77', '40000', 'AA4108893076', '0891440802', '93e9bb07', '359304', 20000, NULL, 'default_profile.png'),
('8547391811425', 'Nattha', 'Samransub', 'Nattha@hotmail.com', '2007-08-06', 'Male', '137/10 Soi 54', '10500', 'AA4132630900', '0846818672', '3050a4e8', '016445', 90000, NULL, 'default_profile.png'),
('8823305043944', 'Keerati', 'Sukkasem', 'Keerati@hotmail.com', '1950-06-22', 'Female', '435/7 Soi 2', '10700', 'AA4826408381', '0839770960', '3052c475', '004314', 60000, NULL, 'default_profile.png'),
('8862220537623', 'Thanyarat', 'Krajangjit', 'Thanyarat@hotmail.com', '1904-08-13', 'Female', '55/10 Soi 12', '10570', 'AA4100593608', '0848398785', 'b46e9b44', '972236', 20000, NULL, 'default_profile.png'),
('8867492069861', 'Tanisra', 'Pongwiroj', 'Tanisra@hotmail.com', '1922-10-24', 'Female', '119/16 Soi 4', '10260', 'AA4395886663', '0822681050', '87d8d4e1', '848239', 110000, NULL, 'default_profile.png'),
('8976553439009', 'Kun', 'Saisamang', 'Kun@hotmail.com', '1994-12-14', 'Female', '485/15 Soi 52', '10520', 'AA4887778744', '0848208899', 'ad202bfb', '324488', 50000, NULL, 'default_profile.png'),
('9073188282331', 'Thitirat', 'Sukseree', 'Thitirat@hotmail.com', '2006-01-28', 'Female', '35/9 Soi 76', '10280', 'AA4755602314', '0873001346', '77caa8fc', '077721', 20000, NULL, 'default_profile.png'),
('9461414406240', 'Sirisak ', 'Supannapakin', 'Sirisak@hotmail.com', '1975-04-24', 'Male', '204/5 Soi 70', '10110', 'AA4571376359', '0830380038', 'a1504192', '415141', 40000, NULL, 'default_profile.png'),
('9512858027713', 'Wasaya', 'Sabma', 'Wasaya@hotmail.com', '1970-10-11', 'Female', '341/17 Soi 1', '10520', 'AA4268072627', '0812896155', '8271dfc9', '842543', 20000, NULL, 'default_profile.png'),
('9625478683424', 'Napatsorn', 'Udomsek', 'Napatsorn@hotmail.com', '2013-06-24', 'Male', '287/18 Soi 49', '10800', 'AA4595503149', '0853340663', '9490dd47', '967291', 80000, NULL, 'default_profile.png'),
('9741868447666', 'Chalee', 'Weerachoti', 'Chalee@hotmail.com', '2008-01-24', 'Female', '215/7 Soi 31', '10270', 'AA4915659790', '0838014852', '15454c7e', '308829', 20000, NULL, 'default_profile.png');

-- --------------------------------------------------------

--
-- Table structure for table `employee`
--

CREATE TABLE `employee` (
  `employee_id` int(9) UNSIGNED ZEROFILL NOT NULL,
  `employee_username` varchar(32) NOT NULL,
  `employee_password` varchar(16) NOT NULL,
  `employee_fname` varchar(32) NOT NULL,
  `employee_lname` varchar(32) NOT NULL,
  `employee_role` varchar(32) NOT NULL
) ENGINE=InnoDB DEFAULT CHARSET=utf8mb4 COLLATE=utf8mb4_general_ci;

--
-- Dumping data for table `employee`
--

INSERT INTO `employee` (`employee_id`, `employee_username`, `employee_password`, `employee_fname`, `employee_lname`, `employee_role`) VALUES
(000000006, 'admin', '123', 'Thanawan', 'Sutthasena', 'Administrator'),
(000000007, 'manager', '123', 'Merisa ', 'Sopapak', 'Manager'),
(000000008, 'lectorphyp', '1rwS0qrL#0FL21', 'Lapin ', 'Jarastham', 'Manager'),
(000000009, '4er2xx35', 'y^Pu8RZC6G06e9', 'Tirapol ', 'Wongsurawattana', 'Manager'),
(000000010, 'pt8gq7kd', 'J!gZvbUMU=8Ucn$m', 'Kanokwan ', 'Siriwanich', 'Manager'),
(000000011, '9yyn35cf', '^&7vDGWcXE7Q5vsW', 'Narong', 'Nantapoj', 'Manager'),
(000000012, 'w34rxkw9', '$kx*yF6*s$7yQRzF', 'Pongsapak', 'Kajornsakkosol', 'Manager'),
(000000013, '4xkpm5aa', 'S4Y7XDmN*s4a7Tbz', 'Sopol', 'Santisuk', 'Manager'),
(000000014, '9m9e6gd2', 'R6ysDDDk4C2#rMcG', 'Bulakorn', 'Jaroensakul', 'Manager'),
(000000015, 'c428heex', 'uACegSc@=#zJETHx', 'Kamonpa', 'Tangtip', 'Manager'),
(000000016, '4aj6xgh4', 'LrMUubwTd4DsUzAS', 'Treewit', 'Mongkonman', 'Manager'),
(000000017, 'gc565uku', 'zrvvC5fBYpF3*bGP', 'Chayanee', 'Ratanapirom', 'Manager'),
(000000018, 'hku48arj', 'M*UeGhUXuRG7@jA$', 'Nattakit', 'Siriworapat', 'Manager'),
(000000019, 'tpzh6neu', 'MshGKZRYpPJX4xbA', 'Chanathinad', 'Haoharn', 'Manager'),
(000000020, '8qvb9gfa', '$%Rrkg6Z5tTkGh3U', 'Jirachoti', 'Udomdechraksa', 'Manager'),
(000000021, 't4spjekg', 'qkG^Sn32NZDEsRkr', 'Janwimon', 'Sirilai', 'Manager'),
(000000022, 'kwp96wy7', '9@bNh^KYg#9hwnkU', 'Pawanya', 'Pinkaew', 'Manager'),
(000000023, '3xuht8m8', '=fF@Fd2Pz7$nbn6r', 'Komsan', 'Rattanaprasert', 'Manager'),
(000000024, 'rttr38a5', '*5phL7%gTUsYY5&V', 'Nathayu', 'Suwannachok', 'Manager'),
(000000025, 'rvvpeqvr', 'S8w#Hwxy@GGp5!$$', 'Korapat', 'Gongkiatsakul', 'Manager'),
(000000026, 'bd9n2gj9', '3eNm68EkTExu&wPe', 'Kenika', 'Sanlerd', 'Manager'),
(000000027, 'qfxfmz4k', '*EDdug*LqmW#RyQS', 'Thana', 'Krajangjit', 'Manager'),
(000000028, 'eug43yme', '7H*4!3JNUJQq3bQq', 'Chanitra', 'Intaraprasart', 'Manager'),
(000000029, 'kzz5edzp', 'Hs@q3%PgMk3Wf8jh', 'Sek', 'Tanajaroenkij', 'Manager'),
(000000030, 'yq3ysg23', 'aBcPeHSCbd$VcKAA', 'Pawadee', 'Pajaikwan', 'Manager');

-- --------------------------------------------------------

--
-- Table structure for table `error`
--

CREATE TABLE `error` (
  `err_code` varchar(19) NOT NULL,
  `err_desc` varchar(32) NOT NULL
) ENGINE=InnoDB DEFAULT CHARSET=utf8mb4 COLLATE=utf8mb4_general_ci;

--
-- Dumping data for table `error`
--

INSERT INTO `error` (`err_code`, `err_desc`) VALUES
('1', 'Success'),
('error1', 'test'),
('error2', 'bug'),
('error3', 'unknown');

-- --------------------------------------------------------

--
-- Table structure for table `loan`
--

CREATE TABLE `loan` (
  `loan_id` int(16) UNSIGNED ZEROFILL NOT NULL,
  `account_id` int(10) UNSIGNED ZEROFILL NOT NULL,
  `loan_type` varchar(16) NOT NULL,
  `loan_amount` double NOT NULL,
  `loan_start_date` date NOT NULL,
  `loan_duration` int(2) NOT NULL,
  `loan_interest` double NOT NULL
) ENGINE=InnoDB DEFAULT CHARSET=utf8mb4 COLLATE=utf8mb4_general_ci;

--
-- Dumping data for table `loan`
--

INSERT INTO `loan` (`loan_id`, `account_id`, `loan_type`, `loan_amount`, `loan_start_date`, `loan_duration`, `loan_interest`) VALUES
(0000000000000001, 0000000001, 'Personal Loan', 54146, '2023-05-27', 18, 8.46),
(0000000000000002, 0000000002, 'Personal Loan', 53416, '2023-05-28', 18, 3.49),
(0000000000000003, 0000000003, 'Personal Loan', 91745, '2023-05-27', 18, 7.78),
(0000000000000004, 0000000004, 'Personal Loan', 54996, '2023-05-27', 18, 1.8),
(0000000000000005, 0000000008, 'Personal Loan', 113051, '2023-05-28', 12, 0.64),
(0000000000000006, 0000000009, 'Personal Loan', 48189, '2023-05-27', 12, 1.41),
(0000000000000007, 0000000012, 'Personal Loan', 30977, '2023-05-27', 18, 9.19),
(0000000000000008, 0000000013, 'Personal Loan', 109294, '2023-05-28', 18, 9.62),
(0000000000000009, 0000000018, 'Personal Loan', 78191, '2023-05-28', 18, 6.72),
(0000000000000010, 0000000019, 'Personal Loan', 42485, '2023-05-27', 36, 4.98),
(0000000000000011, 0000000021, 'Personal Loan', 63500, '2023-01-09', 18, 6.01),
(0000000000000012, 0000000024, 'Personal Loan', 81415, '2022-05-30', 12, 4.39),
(0000000000000013, 0000000026, 'Personal Loan', 35142, '2021-09-19', 18, 4.92),
(0000000000000014, 0000000027, 'Personal Loan', 44097, '2023-03-03', 18, 2.66),
(0000000000000015, 0000000031, 'Personal Loan', 40148, '2022-07-08', 12, 1.79),
(0000000000000016, 0000000032, 'Personal Loan', 116462, '2022-12-01', 12, 3.73),
(0000000000000017, 0000000033, 'Personal Loan', 106244, '2021-04-27', 18, 4.12),
(0000000000000018, 0000000035, 'Personal Loan', 78120, '2023-03-09', 18, 6.8),
(0000000000000019, 0000000037, 'Personal Loan', 82097, '2021-12-29', 36, 4.74),
(0000000000000020, 0000000038, 'Personal Loan', 77443, '2020-08-17', 18, 9.2),
(0000000000000021, 0000000039, 'Personal Loan', 49740, '2023-02-16', 18, 2.13),
(0000000000000022, 0000000040, 'Personal Loan', 74434, '2022-06-23', 36, 6.86),
(0000000000000023, 0000000041, 'Personal Loan', 116047, '2022-07-27', 12, 1.06),
(0000000000000024, 0000000045, 'Personal Loan', 80507, '2022-08-16', 18, 1.89),
(0000000000000025, 0000000046, 'Personal Loan', 32537, '2022-06-03', 12, 5),
(0000000000000026, 0000000047, 'Personal Loan', 60233, '2022-02-18', 18, 6.26),
(0000000000000027, 0000000049, 'Personal Loan', 77334, '2022-08-18', 12, 5.09),
(0000000000000028, 0000000050, 'Personal Loan', 44257, '2021-03-04', 36, 4.96),
(0000000000000029, 0000000051, 'Personal Loan', 84735, '2022-08-11', 12, 5.84),
(0000000000000030, 0000000052, 'Personal Loan', 44646, '2023-03-26', 36, 2.62),
(0000000000000031, 0000000053, 'Personal Loan', 104962, '2023-03-24', 12, 8.79),
(0000000000000032, 0000000055, 'Personal Loan', 110257, '2020-04-19', 36, 5.85),
(0000000000000033, 0000000056, 'Personal Loan', 118757, '2023-03-27', 36, 9.11),
(0000000000000034, 0000000057, 'Personal Loan', 111904, '2022-06-14', 36, 6.41),
(0000000000000035, 0000000058, 'Personal Loan', 79201, '2021-11-24', 36, 9.08),
(0000000000000036, 0000000059, 'Personal Loan', 112056, '2023-05-05', 36, 3.96),
(0000000000000037, 0000000061, 'Personal Loan', 49416, '2022-10-27', 48, 8.06),
(0000000000000038, 0000000062, 'Personal Loan', 103076, '2021-06-10', 18, 3.03),
(0000000000000039, 0000000063, 'Personal Loan', 68913, '2022-07-17', 18, 7.27),
(0000000000000040, 0000000064, 'Personal Loan', 62323, '2023-04-20', 36, 5.97),
(0000000000000041, 0000000065, 'Personal Loan', 74434, '2023-04-10', 12, 9.43),
(0000000000000042, 0000000066, 'Personal Loan', 42361, '2021-12-03', 18, 9.96),
(0000000000000043, 0000000067, 'Personal Loan', 100886, '2021-04-13', 36, 5.06),
(0000000000000044, 0000000068, 'Personal Loan', 90642, '2022-10-21', 12, 2.01),
(0000000000000045, 0000000069, 'Personal Loan', 22023, '2022-10-30', 36, 2.21),
(0000000000000046, 0000000071, 'Personal Loan', 69894, '2022-08-20', 12, 1.13),
(0000000000000047, 0000000072, 'Personal Loan', 109144, '2022-10-20', 18, 5.38),
(0000000000000048, 0000000075, 'Personal Loan', 110941, '2023-05-07', 18, 3.72),
(0000000000000049, 0000000076, 'Personal Loan', 54694, '2023-05-02', 36, 1.1),
(0000000000000050, 0000000078, 'Personal Loan', 59238, '2022-09-01', 36, 5.7),
(0000000000000051, 0000000079, 'Personal Loan', 41821, '2023-05-20', 12, 2.12),
(0000000000000052, 0000000080, 'Personal Loan', 65865, '2023-03-15', 12, 7.95),
(0000000000000053, 0000000081, 'Personal Loan', 69377, '2022-06-10', 36, 8.69),
(0000000000000054, 0000000082, 'Personal Loan', 79428, '2021-08-15', 36, 1.39),
(0000000000000055, 0000000084, 'Personal Loan', 119322, '2022-03-07', 12, 5.4),
(0000000000000056, 0000000085, 'Personal Loan', 20372, '2021-12-20', 36, 1.81),
(0000000000000057, 0000000088, 'Personal Loan', 92960, '2023-05-21', 36, 6.24),
(0000000000000058, 0000000090, 'Personal Loan', 113372, '2023-04-22', 18, 0.99),
(0000000000000059, 0000000091, 'Personal Loan', 75842, '2022-07-14', 12, 6.46),
(0000000000000060, 0000000094, 'Personal Loan', 79558, '2023-03-14', 36, 5.85),
(0000000000000061, 0000000095, 'Personal Loan', 45418, '2021-12-18', 18, 1.56),
(0000000000000062, 0000000096, 'Personal Loan', 49558, '2023-05-17', 48, 7.07),
(0000000000000063, 0000000097, 'Personal Loan', 42009, '2023-05-07', 36, 5.55),
(0000000000000064, 0000000099, 'Personal Loan', 76718, '2023-02-24', 18, 3.43),
(0000000000000065, 0000000100, 'Personal Loan', 64818, '2023-02-17', 18, 1.18),
(0000000000000066, 0000000101, 'Personal Loan', 88211, '2023-03-16', 48, 5.17),
(0000000000000067, 0000000103, 'Personal Loan', 104146, '2023-04-02', 18, 3.32),
(0000000000000068, 0000000104, 'Personal Loan', 105899, '2021-02-02', 36, 5.47),
(0000000000000069, 0000000106, 'Personal Loan', 48211, '2022-08-13', 18, 2.45),
(0000000000000070, 0000000109, 'Personal Loan', 77826, '2022-07-21', 18, 7.26),
(0000000000000071, 0000000112, 'Personal Loan', 35180, '2021-12-15', 12, 9.2),
(0000000000000072, 0000000113, 'Personal Loan', 70350, '2023-01-17', 18, 6.47),
(0000000000000073, 0000000115, 'Personal Loan', 98608, '2023-02-13', 48, 7.09),
(0000000000000074, 0000000118, 'Personal Loan', 35822, '2023-05-09', 36, 9.58),
(0000000000000075, 0000000119, 'Personal Loan', 28728, '2022-09-20', 12, 3.27),
(0000000000000076, 0000000120, 'Personal Loan', 77561, '2021-08-02', 36, 8.37),
(0000000000000077, 0000000121, 'Personal Loan', 26046, '2023-05-12', 36, 2.98),
(0000000000000078, 0000000122, 'Personal Loan', 40566, '2021-12-02', 18, 7.95),
(0000000000000079, 0000000125, 'Personal Loan', 61096, '2022-12-26', 12, 5.14),
(0000000000000080, 0000000126, 'Personal Loan', 84024, '2023-04-07', 18, 9.34),
(0000000000000081, 0000000127, 'Personal Loan', 91877, '2020-08-07', 18, 9.08),
(0000000000000082, 0000000128, 'Personal Loan', 81681, '2023-02-08', 18, 6.81),
(0000000000000083, 0000000129, 'Personal Loan', 50402, '2021-10-12', 36, 6.32),
(0000000000000084, 0000000131, 'Personal Loan', 59371, '2023-03-29', 36, 4.24),
(0000000000000085, 0000000132, 'Personal Loan', 103908, '2023-04-03', 18, 0.61),
(0000000000000086, 0000000133, 'Personal Loan', 83961, '2021-06-20', 12, 6.74),
(0000000000000087, 0000000134, 'Personal Loan', 95035, '2022-03-20', 36, 3.78),
(0000000000000088, 0000000135, 'Personal Loan', 102768, '2021-08-13', 36, 1.24),
(0000000000000089, 0000000136, 'Personal Loan', 115799, '2023-05-07', 18, 9.73),
(0000000000000090, 0000000137, 'Personal Loan', 112455, '2023-05-20', 18, 2.59),
(0000000000000091, 0000000138, 'Personal Loan', 102278, '2023-04-02', 48, 4.79),
(0000000000000092, 0000000139, 'Personal Loan', 74341, '2023-05-03', 36, 4.31),
(0000000000000093, 0000000142, 'Personal Loan', 105237, '2023-04-13', 18, 8.68),
(0000000000000094, 0000000144, 'Personal Loan', 74045, '2022-10-02', 36, 3.38),
(0000000000000095, 0000000145, 'Personal Loan', 105921, '2022-07-23', 18, 5.98);

-- --------------------------------------------------------

--
-- Table structure for table `managehistory`
--

CREATE TABLE `managehistory` (
  `datetime` timestamp NOT NULL DEFAULT current_timestamp() ON UPDATE current_timestamp(),
  `employee_id` char(9) NOT NULL,
  `account_id` int(10) UNSIGNED ZEROFILL NOT NULL,
  `action_type` varchar(9999) NOT NULL,
  `customer_ID` char(13) DEFAULT NULL,
  `card_no` char(16) DEFAULT NULL,
  `loan_id` char(16) DEFAULT NULL,
  `readed` int(50) NOT NULL
) ENGINE=InnoDB DEFAULT CHARSET=utf8mb4 COLLATE=utf8mb4_general_ci;

--
-- Dumping data for table `managehistory`
--

INSERT INTO `managehistory` (`datetime`, `employee_id`, `account_id`, `action_type`, `customer_ID`, `card_no`, `loan_id`, `readed`) VALUES
('2023-05-27 01:12:24', '000000006', 0000000002, 'Suspend(Waiting for Approve)->Active(Rejected request from Employee ID: 000000007 datetime request : 2023-05-27 07:54:39)', NULL, NULL, NULL, 0),
('2023-05-27 01:12:24', '000000007', 0000000002, 'Suspend->Active(Rejected) by Administrator ID: 000000006 datetime request : 2023-05-27 07:54:39', NULL, NULL, NULL, 0),
('2023-05-27 01:12:41', '000000006', 0000000003, 'Suspend(Waiting for Approve)->Freeze Permanent(Approved request from Employee ID: 000000007 datetime request : 2023-05-27 07:55:57)', NULL, NULL, NULL, 0),
('2023-05-27 01:12:41', '000000007', 0000000003, 'Active->Freeze Permanent(Approved) by Administrator ID: 000000006 datetime request : 2023-05-27 07:55:57', NULL, NULL, NULL, 1),
('2023-05-27 01:18:21', '000000006', 0000000005, 'Suspend(Waiting for Approve)->Freeze Permanent(Approved request from Employee ID: 000000007 datetime request : 2023-05-27 07:54:45)', NULL, NULL, NULL, 0),
('2023-05-27 01:18:21', '000000007', 0000000005, 'Active->Freeze Permanent(Approved) by Administrator ID: 000000006 datetime request : 2023-05-27 07:54:45', NULL, NULL, NULL, 0),
('2023-05-27 01:18:24', '000000006', 0000000004, 'Suspend(Waiting for Approve)->Freeze Permanent(Approved request from Employee ID: 000000007 datetime request : 2023-05-27 07:54:42)', NULL, NULL, NULL, 0),
('2023-05-27 01:18:24', '000000007', 0000000004, 'Active->Freeze Permanent(Approved) by Administrator ID: 000000006 datetime request : 2023-05-27 07:54:42', NULL, NULL, NULL, 0),
('2023-05-27 01:18:40', '000000006', 0000000002, 'Active->Freeze Permanent,', NULL, NULL, NULL, 0),
('2023-05-27 19:08:55', '000000007', 0000000018, 'Active->Suspend(Waiting for Approve),', NULL, NULL, NULL, 0),
('2023-05-27 19:09:13', '000000006', 0000000015, 'Suspend(Waiting for Approve)->Active(Rejected request from Employee ID: 000000007 datetime request : 2023-05-28 02:08:48)', NULL, NULL, NULL, 0),
('2023-05-27 19:09:13', '000000007', 0000000015, 'Suspend->Active(Rejected) by Administrator ID: 000000006 datetime request : 2023-05-28 02:08:48', NULL, NULL, NULL, 0),
('2023-05-27 19:09:29', '000000006', 0000000017, 'Suspend(Waiting for Approve)->Freeze Permanent(Approved request from Employee ID: 000000007 datetime request : 2023-05-28 02:08:52)', NULL, NULL, NULL, 0),
('2023-05-27 19:09:29', '000000007', 0000000017, 'Active->Freeze Permanent(Approved) by Administrator ID: 000000006 datetime request : 2023-05-28 02:08:52', NULL, NULL, NULL, 0),
('2023-11-01 02:52:47', '000000006', 0000000006, 'Freeze Temp->Active(auto-unfreezed)from 2023-05-27 08:18:43,', NULL, NULL, NULL, 0);

-- --------------------------------------------------------

--
-- Table structure for table `postcode`
--

CREATE TABLE `postcode` (
  `customer_postcode` char(5) NOT NULL,
  `customer_city` varchar(32) NOT NULL,
  `customer_district` varchar(16) NOT NULL
) ENGINE=InnoDB DEFAULT CHARSET=utf8mb4 COLLATE=utf8mb4_general_ci;

--
-- Dumping data for table `postcode`
--

INSERT INTO `postcode` (`customer_postcode`, `customer_city`, `customer_district`) VALUES
('10110', 'Bangkok', 'Wattana'),
('10120', 'Bangkok', 'Phra Pradaeng'),
('10150', 'Bangkok', 'Bang Kho Laem'),
('10160', 'Bangkok', 'Bang Bon'),
('10180', 'Bangkok', 'Bang Sue'),
('10190', 'Bangkok', 'Rat Burana'),
('10210', 'Bangkok', 'Bang Kapi'),
('10220', 'Bangkok', 'Bueng Kum'),
('10230', 'Bangkok', 'Prawet'),
('10240', 'Bangkok', 'Bang Na'),
('10250', 'Bangkok', 'Phra Khanong'),
('10260', 'Bangkok', 'Bang Khae'),
('10270', 'Bangkok', 'Bang Khun Thian'),
('10280', 'Bangkok', 'Nong Khaem'),
('10290', 'Bangkok', 'Lat Krabang'),
('10300', 'Bangkok', 'Bang Khen'),
('10310', 'Bangkok', 'Watthana'),
('10320', 'Bangkok', 'Min Buri'),
('10330', 'Bangkok', 'Chatuchak'),
('10340', 'Bangkok', 'Don Mueang'),
('10350', 'Bangkok', 'Nong Chok'),
('10400', 'Bangkok', 'Phaya Thai'),
('10420', 'Bangkok', 'Bang Sue'),
('10430', 'Bangkok', 'Thawi Watthana'),
('10440', 'Bangkok', 'Bang Khae'),
('10500', 'Bangkok', 'Bang Rak'),
('10510', 'Bangkok', 'Bang Kruai'),
('10520', 'Bangkok', 'Bang Yai'),
('10530', 'Bangkok', 'Bang Bua Thong'),
('10540', 'Bangkok', 'Bang Sai'),
('10550', 'Bangkok', 'Bang Pa-in'),
('10560', 'Bangkok', 'Phutthamonthon'),
('10570', 'Bangkok', 'Bang Len'),
('10580', 'Bangkok', 'Sam Phran'),
('10590', 'Bangkok', 'Krathum Baen'),
('10600', 'Bangkok', 'Bangkok Noi'),
('10630', 'Bangkok', 'Bangkok Yai'),
('10640', 'Bangkok', 'Bangkok Noi'),
('10700', 'Bangkok', 'Bang Phlat'),
('10710', 'Bangkok', 'Bang Sue'),
('10720', 'Bangkok', 'Bang Sue'),
('10730', 'Bangkok', 'Don Mueang'),
('10800', 'Bangkok', 'Bang Kapi'),
('10810', 'Bangkok', 'Bang Kapi'),
('10820', 'Bangkok', 'Bang Na'),
('10830', 'Bangkok', 'Bueng Kum'),
('10900', 'Bangkok', 'Chatuchak'),
('10920', 'Bangkok', 'Chatuchak'),
('10930', 'Bangkok', 'Lat Phrao'),
('10940', 'Bangkok', 'Bang Khae'),
('10950', 'Bangkok', 'Bang Phlat'),
('11000', 'Bangkok', 'Samphanthawong'),
('11110', 'Bangkok', 'Thon Buri'),
('12000', 'Bangkok', 'Phra Nakhon'),
('20000', 'Nakhon Ratchasima', 'Mueang'),
('20110', 'Nonthaburi', 'Mueang'),
('30000', 'Khon Kaen', 'Mueang'),
('30020', 'Khon Kaen', 'Ban Phai'),
('31000', 'Ubon Ratchathani', 'Mueang'),
('37000', 'Amnatcharoen', 'Mueang'),
('40000', 'Nakhon Pathom', 'Mueang'),
('40030', 'Nakhon Pathom', 'Sam Phran'),
('50000', 'Chiang Mai', 'Mueang'),
('57110', 'Chiang Rai', 'Chiang Dao'),
('60000', 'Udon Thani', 'Mueang'),
('70000', 'Nakhon Sawan', 'Mueang'),
('80000', 'Songkhla', 'Mueang'),
('90000', 'Nakhon Si Thammarat', 'Mueang');

-- --------------------------------------------------------

--
-- Table structure for table `transaction`
--

CREATE TABLE `transaction` (
  `transaction_id` bigint(11) NOT NULL,
  `transaction_date` datetime NOT NULL,
  `transaction_amount` double(10,2) NOT NULL CHECK (`transaction_amount` <= 200000),
  `transaction_detail` varchar(200) DEFAULT NULL,
  `account_transferor` int(10) UNSIGNED ZEROFILL DEFAULT NULL,
  `account_receiver` int(10) UNSIGNED ZEROFILL DEFAULT NULL,
  `err_code` varchar(19) DEFAULT NULL,
  `trans_type` varchar(50) NOT NULL,
  `bill_id` int(12) UNSIGNED ZEROFILL DEFAULT NULL,
  `loan_id` int(16) UNSIGNED ZEROFILL DEFAULT NULL
) ENGINE=InnoDB DEFAULT CHARSET=utf8mb4 COLLATE=utf8mb4_general_ci;

--
-- Dumping data for table `transaction`
--

INSERT INTO `transaction` (`transaction_id`, `transaction_date`, `transaction_amount`, `transaction_detail`, `account_transferor`, `account_receiver`, `err_code`, `trans_type`, `bill_id`, `loan_id`) VALUES
(75869486076, '2023-05-28 00:00:00', 3619.00, 'Gift', 0000000001, 0000000090, '1', 'Transfer', NULL, NULL),
(75869486077, '2023-05-27 00:00:00', 9654.00, 'Transaction detail for account 0000000002', 0000000002, 0000000106, '1', 'Transfer', NULL, NULL),
(75869486078, '2023-05-28 00:00:00', 1931.00, 'Transaction detail for account 0000000003', 0000000003, 0000000029, '1', 'Transfer', NULL, NULL),
(75869486079, '2023-05-28 00:00:00', 11397.00, 'Gift', 0000000004, 0000000112, '1', 'Transfer', NULL, NULL),
(75869486080, '2023-05-27 00:00:00', 4541.00, 'Transaction detail for account 0000000005', 0000000005, 0000000028, '1', 'Transfer', NULL, NULL),
(75869486081, '2023-05-28 00:00:00', 18198.00, 'Transaction detail for account 0000000006', 0000000006, 0000000113, '1', 'Transfer', NULL, NULL),
(75869486082, '2023-05-28 00:00:00', 6231.00, 'Transaction detail for account 0000000007', 0000000007, 0000000042, '1', 'Transfer', NULL, NULL),
(75869486083, '2023-05-27 00:00:00', 6717.00, 'Transaction detail for account 0000000008', 0000000008, 0000000145, '1', 'Transfer', NULL, NULL),
(75869486084, '2023-05-28 00:00:00', 18068.00, 'Transaction detail for account 0000000009', 0000000009, 0000000034, '1', 'Transfer', NULL, NULL),
(75869486085, '2023-05-27 00:00:00', 14156.00, 'Transaction detail for account 0000000010', 0000000010, 0000000105, '1', 'Transfer', NULL, NULL),
(75869486086, '2023-05-28 00:00:00', 8947.00, 'Transaction detail for account 0000000011', 0000000011, 0000000137, '1', 'Transfer', NULL, NULL),
(75869486087, '2023-05-28 00:00:00', 14204.00, 'Transaction detail for account 0000000012', 0000000012, 0000000082, '1', 'Transfer', NULL, NULL),
(75869486088, '2023-05-27 00:00:00', 10675.00, 'Transaction detail for account 0000000013', 0000000013, 0000000064, '1', 'Transfer', NULL, NULL),
(75869486089, '2023-05-27 00:00:00', 15113.00, 'Gift', 0000000014, 0000000010, '1', 'Transfer', NULL, NULL),
(75869486090, '2023-05-27 00:00:00', 17980.00, 'Transaction detail for account 0000000015', 0000000015, 0000000117, '1', 'Transfer', NULL, NULL),
(75869486091, '2023-05-27 00:00:00', 15555.00, 'Transaction detail for account 0000000016', 0000000016, 0000000043, '1', 'Transfer', NULL, NULL),
(75869486092, '2019-07-05 00:00:00', 12249.00, 'Gift', 0000000017, 0000000069, '1', 'Transfer', NULL, NULL),
(75869486093, '2023-05-27 00:00:00', 10153.00, 'Gift', 0000000018, 0000000063, '1', 'Transfer', NULL, NULL),
(75869486094, '2023-05-28 00:00:00', 18171.00, 'Transaction detail for account 0000000019', 0000000019, 0000000091, '1', 'Transfer', NULL, NULL),
(75869486095, '2023-05-27 00:00:00', 17594.00, 'Transaction detail for account 0000000020', 0000000020, 0000000042, '1', 'Transfer', NULL, NULL),
(75869486096, '2021-03-28 00:00:00', 9417.00, 'Transaction detail for account 0000000021', 0000000021, 0000000115, '1', 'Transfer', NULL, NULL),
(75869486097, '2023-03-12 00:00:00', 5279.00, 'Transaction detail for account 0000000022', 0000000022, 0000000034, '1', 'Transfer', NULL, NULL),
(75869486098, '2022-10-27 00:00:00', 56.00, 'Gift', 0000000023, 0000000082, '1', 'Transfer', NULL, NULL),
(75869486099, '2022-04-25 00:00:00', 1709.00, 'Transaction detail for account 0000000024', 0000000024, 0000000125, '1', 'Transfer', NULL, NULL),
(75869486100, '2023-03-13 00:00:00', 8696.00, 'Transaction detail for account 0000000025', 0000000025, 0000000131, '1', 'Transfer', NULL, NULL),
(75869486101, '2022-09-11 00:00:00', 16527.00, 'Transaction detail for account 0000000026', 0000000026, 0000000057, '1', 'Transfer', NULL, NULL),
(75869486102, '2022-05-23 00:00:00', 6821.00, 'Transaction detail for account 0000000027', 0000000027, 0000000065, '1', 'Transfer', NULL, NULL),
(75869486103, '2021-11-10 00:00:00', 3207.00, 'Transaction detail for account 0000000028', 0000000028, 0000000002, '1', 'Transfer', NULL, NULL),
(75869486104, '2023-04-18 00:00:00', 459.00, 'Transaction detail for account 0000000029', 0000000029, 0000000036, '1', 'Transfer', NULL, NULL),
(75869486105, '2021-10-07 00:00:00', 7564.00, 'Transaction detail for account 0000000030', 0000000030, 0000000123, '1', 'Transfer', NULL, NULL),
(75869486106, '2020-09-08 00:00:00', 8531.00, 'Transaction detail for account 0000000031', 0000000031, 0000000097, '1', 'Transfer', NULL, NULL),
(75869486107, '2022-09-09 00:00:00', 18200.00, 'Gift', 0000000032, 0000000059, '1', 'Transfer', NULL, NULL),
(75869486108, '2022-11-21 00:00:00', 6162.00, 'Gift', 0000000033, 0000000055, '1', 'Transfer', NULL, NULL),
(75869486109, '2022-06-20 00:00:00', 1742.00, 'Transaction detail for account 0000000034', 0000000034, 0000000024, '1', 'Transfer', NULL, NULL),
(75869486110, '2023-01-03 00:00:00', 10885.00, 'Gift', 0000000035, 0000000132, '1', 'Transfer', NULL, NULL),
(75869486111, '2022-09-09 00:00:00', 4968.00, 'Transaction detail for account 0000000036', 0000000036, 0000000008, '1', 'Transfer', NULL, NULL),
(75869486112, '2020-12-10 00:00:00', 9397.00, 'Gift', 0000000037, 0000000020, '1', 'Transfer', NULL, NULL),
(75869486113, '2020-05-08 00:00:00', 7654.00, 'Transaction detail for account 0000000038', 0000000038, 0000000140, '1', 'Transfer', NULL, NULL),
(75869486114, '2022-01-17 00:00:00', 9726.00, 'Transaction detail for account 0000000039', 0000000039, 0000000045, '1', 'Transfer', NULL, NULL),
(75869486115, '2023-02-15 00:00:00', 8331.00, 'Transaction detail for account 0000000040', 0000000040, 0000000113, '1', 'Transfer', NULL, NULL),
(75869486116, '2023-02-23 00:00:00', 14450.00, 'Transaction detail for account 0000000041', 0000000041, 0000000052, '1', 'Transfer', NULL, NULL),
(75869486117, '2022-04-12 00:00:00', 2666.00, 'Gift', 0000000042, 0000000063, '1', 'Transfer', NULL, NULL),
(75869486118, '2023-05-24 00:00:00', 8475.00, 'Gift', 0000000043, 0000000125, '1', 'Transfer', NULL, NULL),
(75869486119, '2022-05-01 00:00:00', 9573.00, 'Transaction detail for account 0000000044', 0000000044, 0000000097, '1', 'Transfer', NULL, NULL),
(75869486120, '2022-02-10 00:00:00', 5701.00, 'Gift', 0000000045, 0000000016, '1', 'Transfer', NULL, NULL),
(75869486121, '2023-02-25 00:00:00', 7555.00, 'Transaction detail for account 0000000046', 0000000046, 0000000081, '1', 'Transfer', NULL, NULL),
(75869486122, '2021-08-31 00:00:00', 18962.00, 'Transaction detail for account 0000000047', 0000000047, 0000000016, '1', 'Transfer', NULL, NULL),
(75869486123, '2020-08-10 00:00:00', 11467.00, 'Transaction detail for account 0000000048', 0000000048, 0000000021, '1', 'Transfer', NULL, NULL),
(75869486124, '2022-04-15 00:00:00', 133.00, 'Transaction detail for account 0000000049', 0000000049, 0000000129, '1', 'Transfer', NULL, NULL),
(75869486125, '2022-10-24 00:00:00', 14134.00, 'Gift', 0000000050, 0000000135, '1', 'Transfer', NULL, NULL),
(75869486126, '2021-09-11 00:00:00', 6868.00, 'Gift', 0000000051, 0000000110, '1', 'Transfer', NULL, NULL),
(75869486127, '2023-01-30 00:00:00', 18591.00, 'Transaction detail for account 0000000052', 0000000052, 0000000070, '1', 'Transfer', NULL, NULL),
(75869486128, '2022-05-06 00:00:00', 19171.00, 'Transaction detail for account 0000000053', 0000000053, 0000000030, '1', 'Transfer', NULL, NULL),
(75869486129, '2023-01-24 00:00:00', 2281.00, 'Gift', 0000000054, 0000000057, '1', 'Transfer', NULL, NULL),
(75869486130, '2022-04-24 00:00:00', 15765.00, 'Transaction detail for account 0000000055', 0000000055, 0000000119, '1', 'Transfer', NULL, NULL),
(75869486131, '2023-04-16 00:00:00', 7455.00, 'Transaction detail for account 0000000056', 0000000056, 0000000005, '1', 'Transfer', NULL, NULL),
(75869486132, '2023-02-04 00:00:00', 13506.00, 'Transaction detail for account 0000000057', 0000000057, 0000000014, '1', 'Transfer', NULL, NULL),
(75869486133, '2021-12-20 00:00:00', 16004.00, 'Transaction detail for account 0000000058', 0000000058, 0000000034, '1', 'Transfer', NULL, NULL),
(75869486134, '2023-04-11 00:00:00', 4317.00, 'Transaction detail for account 0000000059', 0000000059, 0000000014, '1', 'Transfer', NULL, NULL),
(75869486135, '2021-07-30 00:00:00', 13712.00, 'Transaction detail for account 0000000060', 0000000060, 0000000136, '1', 'Transfer', NULL, NULL),
(75869486136, '2023-01-15 00:00:00', 19228.00, 'Gift', 0000000061, 0000000023, '1', 'Transfer', NULL, NULL),
(75869486137, '2021-08-05 00:00:00', 6646.00, 'Transaction detail for account 0000000062', 0000000062, 0000000057, '1', 'Transfer', NULL, NULL),
(75869486138, '2022-05-14 00:00:00', 15676.00, 'Gift', 0000000063, 0000000124, '1', 'Transfer', NULL, NULL),
(75869486139, '2023-02-01 00:00:00', 5246.00, 'Transaction detail for account 0000000064', 0000000064, 0000000013, '1', 'Transfer', NULL, NULL),
(75869486140, '2021-10-15 00:00:00', 838.00, 'Transaction detail for account 0000000065', 0000000065, 0000000072, '1', 'Transfer', NULL, NULL),
(75869486141, '2023-01-12 00:00:00', 2386.00, 'Transaction detail for account 0000000066', 0000000066, 0000000010, '1', 'Transfer', NULL, NULL),
(75869486142, '2023-05-21 00:00:00', 489.00, 'Gift', 0000000067, 0000000087, '1', 'Transfer', NULL, NULL),
(75869486143, '2022-12-25 00:00:00', 8638.00, 'Transaction detail for account 0000000068', 0000000068, 0000000110, '1', 'Transfer', NULL, NULL),
(75869486144, '2022-09-01 00:00:00', 2042.00, 'Gift', 0000000069, 0000000119, '1', 'Transfer', NULL, NULL),
(75869486145, '2023-03-17 00:00:00', 6632.00, 'Transaction detail for account 0000000070', 0000000070, 0000000092, '1', 'Transfer', NULL, NULL),
(75869486146, '2020-11-02 00:00:00', 14778.00, 'Transaction detail for account 0000000071', 0000000071, 0000000037, '1', 'Transfer', NULL, NULL),
(75869486147, '2022-09-18 00:00:00', 12468.00, 'Transaction detail for account 0000000072', 0000000072, 0000000130, '1', 'Transfer', NULL, NULL),
(75869486148, '2021-05-05 00:00:00', 855.00, 'Transaction detail for account 0000000073', 0000000073, 0000000086, '1', 'Transfer', NULL, NULL),
(75869486149, '2022-01-26 00:00:00', 448.00, 'Transaction detail for account 0000000074', 0000000074, 0000000014, '1', 'Transfer', NULL, NULL),
(75869486150, '2023-04-27 00:00:00', 5325.00, 'Transaction detail for account 0000000075', 0000000075, 0000000019, '1', 'Transfer', NULL, NULL),
(75869486151, '2023-02-10 00:00:00', 15911.00, 'Transaction detail for account 0000000076', 0000000076, 0000000144, '1', 'Transfer', NULL, NULL),
(75869486152, '2023-05-24 00:00:00', 18764.00, 'Transaction detail for account 0000000077', 0000000077, 0000000049, '1', 'Transfer', NULL, NULL),
(75869486153, '2022-08-02 00:00:00', 4909.00, 'Gift', 0000000078, 0000000124, '1', 'Transfer', NULL, NULL),
(75869486154, '2023-04-16 00:00:00', 8643.00, 'Transaction detail for account 0000000079', 0000000079, 0000000129, '1', 'Transfer', NULL, NULL),
(75869486155, '2023-01-27 00:00:00', 18692.00, 'Gift', 0000000080, 0000000135, '1', 'Transfer', NULL, NULL),
(75869486156, '2023-02-21 00:00:00', 441.00, 'Transaction detail for account 0000000081', 0000000081, 0000000044, '1', 'Transfer', NULL, NULL),
(75869486157, '2023-04-12 00:00:00', 6352.00, 'Transaction detail for account 0000000082', 0000000082, 0000000055, '1', 'Transfer', NULL, NULL),
(75869486158, '2023-01-15 00:00:00', 9976.00, 'Gift', 0000000084, 0000000008, '1', 'Transfer', NULL, NULL),
(75869486159, '2021-06-02 00:00:00', 12038.00, 'Gift', 0000000085, 0000000027, '1', 'Transfer', NULL, NULL),
(75869486160, '2022-06-09 00:00:00', 12041.00, 'Transaction detail for account 0000000086', 0000000086, 0000000009, '1', 'Transfer', NULL, NULL),
(75869486161, '2022-07-07 00:00:00', 4331.00, 'Gift', 0000000087, 0000000041, '1', 'Transfer', NULL, NULL),
(75869486162, '2023-04-09 00:00:00', 9392.00, 'Transaction detail for account 0000000088', 0000000088, 0000000059, '1', 'Transfer', NULL, NULL),
(75869486163, '2022-11-30 00:00:00', 14614.00, 'Transaction detail for account 0000000089', 0000000089, 0000000006, '1', 'Transfer', NULL, NULL),
(75869486164, '2023-03-03 00:00:00', 14890.00, 'Transaction detail for account 0000000090', 0000000090, 0000000005, '1', 'Transfer', NULL, NULL),
(75869486165, '2022-02-03 00:00:00', 18860.00, 'Transaction detail for account 0000000091', 0000000091, 0000000048, '1', 'Transfer', NULL, NULL),
(75869486166, '2022-07-19 00:00:00', 10243.00, 'Gift', 0000000092, 0000000133, '1', 'Transfer', NULL, NULL),
(75869486167, '2022-11-16 00:00:00', 112.00, 'Transaction detail for account 0000000093', 0000000093, 0000000145, '1', 'Transfer', NULL, NULL),
(75869486168, '2023-01-04 00:00:00', 4836.00, 'Gift', 0000000094, 0000000075, '1', 'Transfer', NULL, NULL),
(75869486169, '2022-11-16 00:00:00', 18393.00, 'Transaction detail for account 0000000095', 0000000095, 0000000036, '1', 'Transfer', NULL, NULL),
(75869486170, '2023-05-21 00:00:00', 1053.00, 'Transaction detail for account 0000000096', 0000000096, 0000000023, '1', 'Transfer', NULL, NULL),
(75869486171, '2023-05-16 00:00:00', 1265.00, 'Transaction detail for account 0000000097', 0000000097, 0000000095, '1', 'Transfer', NULL, NULL),
(75869486172, '2023-03-22 00:00:00', 2324.00, 'Transaction detail for account 0000000098', 0000000098, 0000000040, '1', 'Transfer', NULL, NULL),
(75869486173, '2023-05-14 00:00:00', 4035.00, 'Gift', 0000000099, 0000000057, '1', 'Transfer', NULL, NULL),
(75869486174, '2022-12-02 00:00:00', 7400.00, 'Transaction detail for account 0000000100', 0000000100, 0000000092, '1', 'Transfer', NULL, NULL),
(75869486175, '2023-04-11 00:00:00', 9134.00, 'Transaction detail for account 0000000101', 0000000101, 0000000090, '1', 'Transfer', NULL, NULL),
(75869486176, '2023-04-25 00:00:00', 16940.00, 'Transaction detail for account 0000000102', 0000000102, 0000000059, '1', 'Transfer', NULL, NULL),
(75869486177, '2023-04-14 00:00:00', 1293.00, 'Gift', 0000000103, 0000000047, '1', 'Transfer', NULL, NULL),
(75869486178, '2021-02-15 00:00:00', 18885.00, 'Transaction detail for account 0000000104', 0000000104, 0000000011, '1', 'Transfer', NULL, NULL),
(75869486179, '2022-09-01 00:00:00', 8164.00, 'Gift', 0000000105, 0000000029, '1', 'Transfer', NULL, NULL),
(75869486180, '2022-07-23 00:00:00', 4732.00, 'Transaction detail for account 0000000106', 0000000106, 0000000020, '1', 'Transfer', NULL, NULL),
(75869486181, '2022-06-29 00:00:00', 10667.00, 'Gift', 0000000107, 0000000114, '1', 'Transfer', NULL, NULL),
(75869486182, '2020-11-01 00:00:00', 9151.00, 'Gift', 0000000108, 0000000079, '1', 'Transfer', NULL, NULL),
(75869486183, '2023-04-01 00:00:00', 19373.00, 'Gift', 0000000109, 0000000006, '1', 'Transfer', NULL, NULL),
(75869486184, '2023-03-18 00:00:00', 369.00, 'Transaction detail for account 0000000110', 0000000110, 0000000111, '1', 'Transfer', NULL, NULL),
(75869486185, '2023-04-21 00:00:00', 4584.00, 'Gift', 0000000111, 0000000021, '1', 'Transfer', NULL, NULL),
(75869486186, '2022-04-28 00:00:00', 688.00, 'Gift', 0000000112, 0000000087, '1', 'Transfer', NULL, NULL),
(75869486187, '2023-05-04 00:00:00', 12374.00, 'Transaction detail for account 0000000113', 0000000113, 0000000012, '1', 'Transfer', NULL, NULL),
(75869486188, '2022-07-28 00:00:00', 17318.00, 'Transaction detail for account 0000000114', 0000000114, 0000000057, '1', 'Transfer', NULL, NULL),
(75869486189, '2021-10-21 00:00:00', 16798.00, 'Transaction detail for account 0000000115', 0000000115, 0000000003, '1', 'Transfer', NULL, NULL),
(75869486190, '2022-11-29 00:00:00', 2569.00, 'Gift', 0000000116, 0000000006, '1', 'Transfer', NULL, NULL),
(75869486191, '2020-09-30 00:00:00', 8756.00, 'Transaction detail for account 0000000117', 0000000117, 0000000133, '1', 'Transfer', NULL, NULL),
(75869486192, '2023-04-18 00:00:00', 17253.00, 'Gift', 0000000118, 0000000128, '1', 'Transfer', NULL, NULL),
(75869486193, '2022-09-08 00:00:00', 5059.00, 'Transaction detail for account 0000000119', 0000000119, 0000000072, '1', 'Transfer', NULL, NULL),
(75869486194, '2023-02-09 00:00:00', 5901.00, 'Transaction detail for account 0000000120', 0000000120, 0000000137, '1', 'Transfer', NULL, NULL),
(75869486195, '2021-09-10 00:00:00', 2925.00, 'Transaction detail for account 0000000121', 0000000121, 0000000102, '1', 'Transfer', NULL, NULL),
(75869486196, '2022-01-07 00:00:00', 17254.00, 'Transaction detail for account 0000000122', 0000000122, 0000000009, '1', 'Transfer', NULL, NULL),
(75869486197, '2020-12-20 00:00:00', 16570.00, 'Transaction detail for account 0000000123', 0000000123, 0000000125, '1', 'Transfer', NULL, NULL),
(75869486198, '2022-10-25 00:00:00', 504.00, 'Transaction detail for account 0000000124', 0000000124, 0000000035, '1', 'Transfer', NULL, NULL),
(75869486199, '2022-01-22 00:00:00', 8369.00, 'Transaction detail for account 0000000125', 0000000125, 0000000078, '1', 'Transfer', NULL, NULL),
(75869486200, '2022-05-22 00:00:00', 10791.00, 'Gift', 0000000126, 0000000101, '1', 'Transfer', NULL, NULL),
(75869486201, '2022-09-21 00:00:00', 2216.00, 'Gift', 0000000127, 0000000130, '1', 'Transfer', NULL, NULL),
(75869486202, '2022-11-01 00:00:00', 9665.00, 'Gift', 0000000128, 0000000060, '1', 'Transfer', NULL, NULL),
(75869486203, '2022-06-11 00:00:00', 7127.00, 'Transaction detail for account 0000000129', 0000000129, 0000000018, '1', 'Transfer', NULL, NULL),
(75869486204, '2022-11-26 00:00:00', 6381.00, 'Transaction detail for account 0000000130', 0000000130, 0000000072, '1', 'Transfer', NULL, NULL),
(75869486205, '2023-03-16 00:00:00', 15499.00, 'Transaction detail for account 0000000131', 0000000131, 0000000096, '1', 'Transfer', NULL, NULL),
(75869486206, '2023-04-14 00:00:00', 6867.00, 'Transaction detail for account 0000000132', 0000000132, 0000000116, '1', 'Transfer', NULL, NULL),
(75869486207, '2022-01-24 00:00:00', 8017.00, 'Transaction detail for account 0000000133', 0000000133, 0000000005, '1', 'Transfer', NULL, NULL),
(75869486208, '2021-11-03 00:00:00', 17539.00, 'Gift', 0000000134, 0000000028, '1', 'Transfer', NULL, NULL),
(75869486209, '2020-11-03 00:00:00', 1526.00, 'Transaction detail for account 0000000135', 0000000135, 0000000056, '1', 'Transfer', NULL, NULL),
(75869486210, '2023-04-24 00:00:00', 18258.00, 'Gift', 0000000136, 0000000045, '1', 'Transfer', NULL, NULL),
(75869486211, '2023-03-06 00:00:00', 1293.00, 'Transaction detail for account 0000000137', 0000000137, 0000000048, '1', 'Transfer', NULL, NULL),
(75869486212, '2023-02-10 00:00:00', 13156.00, 'Gift', 0000000138, 0000000127, '1', 'Transfer', NULL, NULL),
(75869486213, '2023-04-25 00:00:00', 15948.00, 'Transaction detail for account 0000000139', 0000000139, 0000000124, '1', 'Transfer', NULL, NULL),
(75869486214, '2023-02-03 00:00:00', 8928.00, 'Transaction detail for account 0000000140', 0000000140, 0000000077, '1', 'Transfer', NULL, NULL),
(75869486215, '2021-12-11 00:00:00', 17059.00, 'Gift', 0000000141, 0000000009, '1', 'Transfer', NULL, NULL),
(75869486216, '2023-02-18 00:00:00', 11113.00, 'Transaction detail for account 0000000142', 0000000142, 0000000106, '1', 'Transfer', NULL, NULL),
(75869486217, '2023-01-23 00:00:00', 14089.00, 'Gift', 0000000143, 0000000080, '1', 'Transfer', NULL, NULL),
(75869486218, '2022-07-12 00:00:00', 11297.00, 'Transaction detail for account 0000000144', 0000000144, 0000000079, '1', 'Transfer', NULL, NULL),
(75869486219, '2022-03-29 00:00:00', 5486.00, 'Transaction detail for account 0000000145', 0000000145, 0000000079, '1', 'Transfer', NULL, NULL),
(75869486220, '2023-05-28 00:00:00', 7739.00, NULL, 0000000001, 0000000123, '1', 'Transfer', NULL, NULL),
(75869486221, '2023-05-28 00:00:00', 1806.00, 'Gift', 0000000002, 0000000111, '1', 'Transfer', NULL, NULL),
(75869486222, '2023-05-28 00:00:00', 4579.00, 'Gift', 0000000003, 0000000002, '1', 'Transfer', NULL, NULL),
(75869486223, '2023-05-28 00:00:00', 16696.00, NULL, 0000000004, 0000000043, '1', 'Transfer', NULL, NULL),
(75869486224, '2023-05-28 00:00:00', 1491.00, NULL, 0000000005, 0000000033, '1', 'Transfer', NULL, NULL),
(75869486225, '2023-05-28 00:00:00', 8603.00, NULL, 0000000006, 0000000111, '1', 'Transfer', NULL, NULL),
(75869486226, '2023-05-27 00:00:00', 11400.00, NULL, 0000000007, 0000000082, '1', 'Transfer', NULL, NULL),
(75869486227, '2023-05-27 00:00:00', 1628.00, NULL, 0000000008, 0000000015, '1', 'Transfer', NULL, NULL),
(75869486228, '2023-05-27 00:00:00', 674.00, NULL, 0000000009, 0000000141, '1', 'Transfer', NULL, NULL),
(75869486229, '2023-05-28 00:00:00', 2382.00, NULL, 0000000010, 0000000006, '1', 'Transfer', NULL, NULL),
(75869486230, '2023-05-27 00:00:00', 19033.00, NULL, 0000000011, 0000000130, '1', 'Transfer', NULL, NULL),
(75869486231, '2023-05-27 00:00:00', 9509.00, 'Gift', 0000000012, 0000000029, '1', 'Transfer', NULL, NULL),
(75869486232, '2023-05-27 00:00:00', 19342.00, 'Gift', 0000000013, 0000000143, '1', 'Transfer', NULL, NULL),
(75869486233, '2023-05-27 00:00:00', 6951.00, 'Gift', 0000000014, 0000000110, '1', 'Transfer', NULL, NULL),
(75869486234, '2023-05-27 00:00:00', 15267.00, NULL, 0000000015, 0000000054, '1', 'Transfer', NULL, NULL),
(75869486235, '2023-05-27 00:00:00', 13689.00, NULL, 0000000016, 0000000009, '1', 'Transfer', NULL, NULL),
(75869486236, '2017-07-14 00:00:00', 14442.00, NULL, 0000000017, 0000000125, '1', 'Transfer', NULL, NULL),
(75869486237, '2023-05-27 00:00:00', 13108.00, 'Gift', 0000000018, 0000000090, '1', 'Transfer', NULL, NULL),
(75869486238, '2023-05-28 00:00:00', 8475.00, NULL, 0000000019, 0000000073, '1', 'Transfer', NULL, NULL),
(75869486239, '2023-05-27 00:00:00', 11909.00, NULL, 0000000020, 0000000015, '1', 'Transfer', NULL, NULL),
(75869486240, '2022-10-23 00:00:00', 3668.00, NULL, 0000000021, 0000000038, '1', 'Transfer', NULL, NULL),
(75869486241, '2021-09-23 00:00:00', 15281.00, NULL, 0000000022, 0000000124, '1', 'Transfer', NULL, NULL),
(75869486242, '2021-10-21 00:00:00', 2504.00, NULL, 0000000023, 0000000018, '1', 'Transfer', NULL, NULL),
(75869486243, '2022-08-14 00:00:00', 19592.00, NULL, 0000000024, 0000000002, '1', 'Transfer', NULL, NULL),
(75869486244, '2023-02-07 00:00:00', 8512.00, NULL, 0000000025, 0000000063, '1', 'Transfer', NULL, NULL),
(75869486245, '2023-03-16 00:00:00', 3643.00, 'Gift', 0000000026, 0000000137, '1', 'Transfer', NULL, NULL),
(75869486246, '2022-12-23 00:00:00', 13152.00, 'Gift', 0000000027, 0000000096, '1', 'Transfer', NULL, NULL),
(75869486247, '2021-07-14 00:00:00', 13428.00, NULL, 0000000028, 0000000130, '1', 'Transfer', NULL, NULL),
(75869486248, '2023-05-23 00:00:00', 481.00, NULL, 0000000029, 0000000098, '1', 'Transfer', NULL, NULL),
(75869486249, '2022-11-12 00:00:00', 13435.00, NULL, 0000000030, 0000000085, '1', 'Transfer', NULL, NULL),
(75869486250, '2022-11-24 00:00:00', 1800.00, NULL, 0000000031, 0000000117, '1', 'Transfer', NULL, NULL),
(75869486251, '2022-12-31 00:00:00', 12285.00, NULL, 0000000032, 0000000017, '1', 'Transfer', NULL, NULL),
(75869486252, '2022-10-10 00:00:00', 13676.00, 'Gift', 0000000033, 0000000105, '1', 'Transfer', NULL, NULL),
(75869486253, '2023-05-21 00:00:00', 4073.00, 'Gift', 0000000034, 0000000097, '1', 'Transfer', NULL, NULL),
(75869486254, '2022-09-05 00:00:00', 7779.00, NULL, 0000000035, 0000000068, '1', 'Transfer', NULL, NULL),
(75869486255, '2022-02-13 00:00:00', 18940.00, NULL, 0000000036, 0000000061, '1', 'Transfer', NULL, NULL),
(75869486256, '2020-10-27 00:00:00', 5019.00, 'Gift', 0000000037, 0000000047, '1', 'Transfer', NULL, NULL),
(75869486257, '2021-02-22 00:00:00', 8615.00, 'Gift', 0000000038, 0000000084, '1', 'Transfer', NULL, NULL),
(75869486258, '2023-03-16 00:00:00', 3935.00, 'Gift', 0000000039, 0000000045, '1', 'Transfer', NULL, NULL),
(75869486259, '2022-04-23 00:00:00', 1561.00, 'Gift', 0000000040, 0000000089, '1', 'Transfer', NULL, NULL),
(75869486260, '2022-10-23 00:00:00', 12540.00, 'Gift', 0000000041, 0000000138, '1', 'Transfer', NULL, NULL),
(75869486261, '2021-09-08 00:00:00', 4386.00, NULL, 0000000042, 0000000002, '1', 'Transfer', NULL, NULL),
(75869486262, '2023-02-23 00:00:00', 17606.00, NULL, 0000000043, 0000000117, '1', 'Transfer', NULL, NULL),
(75869486263, '2021-09-05 00:00:00', 9863.00, 'Gift', 0000000044, 0000000001, '1', 'Transfer', NULL, NULL),
(75869486264, '2022-10-18 00:00:00', 17667.00, NULL, 0000000045, 0000000102, '1', 'Transfer', NULL, NULL),
(75869486265, '2022-03-26 00:00:00', 16538.00, NULL, 0000000046, 0000000098, '1', 'Transfer', NULL, NULL),
(75869486266, '2021-08-04 00:00:00', 4804.00, 'Gift', 0000000047, 0000000142, '1', 'Transfer', NULL, NULL),
(75869486267, '2022-03-06 00:00:00', 4670.00, NULL, 0000000048, 0000000106, '1', 'Transfer', NULL, NULL),
(75869486268, '2023-04-29 00:00:00', 18227.00, NULL, 0000000049, 0000000096, '1', 'Transfer', NULL, NULL),
(75869486269, '2021-09-21 00:00:00', 983.00, 'Gift', 0000000050, 0000000112, '1', 'Transfer', NULL, NULL),
(75869486270, '2022-10-16 00:00:00', 18295.00, NULL, 0000000051, 0000000032, '1', 'Transfer', NULL, NULL),
(75869486271, '2023-05-27 00:00:00', 16019.00, 'Gift', 0000000052, 0000000026, '1', 'Transfer', NULL, NULL),
(75869486272, '2021-10-12 00:00:00', 18512.00, NULL, 0000000053, 0000000045, '1', 'Transfer', NULL, NULL),
(75869486273, '2022-02-19 00:00:00', 19609.00, 'Gift', 0000000054, 0000000059, '1', 'Transfer', NULL, NULL),
(75869486274, '2020-06-03 00:00:00', 11341.00, NULL, 0000000055, 0000000026, '1', 'Transfer', NULL, NULL),
(75869486275, '2022-03-07 00:00:00', 9960.00, NULL, 0000000056, 0000000007, '1', 'Transfer', NULL, NULL),
(75869486276, '2022-01-04 00:00:00', 14577.00, NULL, 0000000057, 0000000077, '1', 'Transfer', NULL, NULL),
(75869486277, '2022-08-14 00:00:00', 14304.00, NULL, 0000000058, 0000000074, '1', 'Transfer', NULL, NULL),
(75869486278, '2023-05-25 00:00:00', 17296.00, NULL, 0000000059, 0000000010, '1', 'Transfer', NULL, NULL),
(75869486279, '2023-04-07 00:00:00', 13950.00, NULL, 0000000060, 0000000087, '1', 'Transfer', NULL, NULL),
(75869486280, '2023-02-05 00:00:00', 19199.00, NULL, 0000000061, 0000000024, '1', 'Transfer', NULL, NULL),
(75869486281, '2021-10-26 00:00:00', 2094.00, NULL, 0000000062, 0000000052, '1', 'Transfer', NULL, NULL),
(75869486282, '2023-01-15 00:00:00', 18775.00, 'Gift', 0000000063, 0000000133, '1', 'Transfer', NULL, NULL),
(75869486283, '2023-05-24 00:00:00', 9302.00, NULL, 0000000064, 0000000014, '1', 'Transfer', NULL, NULL),
(75869486284, '2021-04-13 00:00:00', 11364.00, NULL, 0000000065, 0000000001, '1', 'Transfer', NULL, NULL),
(75869486285, '2021-01-24 00:00:00', 4313.00, NULL, 0000000066, 0000000074, '1', 'Transfer', NULL, NULL),
(75869486286, '2022-03-12 00:00:00', 6828.00, NULL, 0000000067, 0000000076, '1', 'Transfer', NULL, NULL),
(75869486287, '2022-07-10 00:00:00', 10236.00, 'Gift', 0000000068, 0000000036, '1', 'Transfer', NULL, NULL),
(75869486288, '2022-11-18 00:00:00', 3854.00, 'Gift', 0000000069, 0000000063, '1', 'Transfer', NULL, NULL),
(75869486289, '2023-04-26 00:00:00', 6015.00, NULL, 0000000070, 0000000044, '1', 'Transfer', NULL, NULL),
(75869486290, '2022-05-15 00:00:00', 4113.00, 'Gift', 0000000071, 0000000096, '1', 'Transfer', NULL, NULL),
(75869486291, '2021-10-15 00:00:00', 13163.00, NULL, 0000000072, 0000000144, '1', 'Transfer', NULL, NULL),
(75869486292, '2021-03-16 00:00:00', 19677.00, NULL, 0000000073, 0000000024, '1', 'Transfer', NULL, NULL),
(75869486293, '2021-01-22 00:00:00', 16514.00, NULL, 0000000074, 0000000073, '1', 'Transfer', NULL, NULL),
(75869486294, '2023-04-29 00:00:00', 6584.00, 'Gift', 0000000075, 0000000133, '1', 'Transfer', NULL, NULL),
(75869486295, '2022-09-24 00:00:00', 14975.00, 'Gift', 0000000076, 0000000049, '1', 'Transfer', NULL, NULL),
(75869486296, '2022-08-02 00:00:00', 6292.00, 'Gift', 0000000077, 0000000036, '1', 'Transfer', NULL, NULL),
(75869486297, '2022-11-13 00:00:00', 14452.00, NULL, 0000000078, 0000000075, '1', 'Transfer', NULL, NULL),
(75869486298, '2023-03-06 00:00:00', 16676.00, NULL, 0000000079, 0000000121, '1', 'Transfer', NULL, NULL),
(75869486299, '2022-10-11 00:00:00', 14678.00, NULL, 0000000080, 0000000102, '1', 'Transfer', NULL, NULL),
(75869486300, '2022-12-23 00:00:00', 19627.00, NULL, 0000000081, 0000000076, '1', 'Transfer', NULL, NULL),
(75869486301, '2020-12-31 00:00:00', 14173.00, NULL, 0000000082, 0000000100, '1', 'Transfer', NULL, NULL),
(75869486302, '2022-09-09 00:00:00', 5348.00, NULL, 0000000084, 0000000031, '1', 'Transfer', NULL, NULL),
(75869486303, '2022-11-21 00:00:00', 9927.00, 'Gift', 0000000085, 0000000089, '1', 'Transfer', NULL, NULL),
(75869486304, '2021-11-01 00:00:00', 16633.00, NULL, 0000000086, 0000000068, '1', 'Transfer', NULL, NULL),
(75869486305, '2022-05-11 00:00:00', 14386.00, NULL, 0000000087, 0000000142, '1', 'Transfer', NULL, NULL),
(75869486306, '2022-08-22 00:00:00', 12614.00, NULL, 0000000088, 0000000077, '1', 'Transfer', NULL, NULL),
(75869486307, '2022-08-28 00:00:00', 10028.00, NULL, 0000000089, 0000000082, '1', 'Transfer', NULL, NULL),
(75869486308, '2023-02-17 00:00:00', 16233.00, 'Gift', 0000000090, 0000000055, '1', 'Transfer', NULL, NULL),
(75869486309, '2022-05-16 00:00:00', 7094.00, 'Gift', 0000000091, 0000000059, '1', 'Transfer', NULL, NULL),
(75869486310, '2022-06-11 00:00:00', 10148.00, NULL, 0000000092, 0000000140, '1', 'Transfer', NULL, NULL),
(75869486311, '2021-04-24 00:00:00', 17904.00, NULL, 0000000093, 0000000115, '1', 'Transfer', NULL, NULL),
(75869486312, '2023-03-13 00:00:00', 15343.00, NULL, 0000000094, 0000000030, '1', 'Transfer', NULL, NULL),
(75869486313, '2022-04-26 00:00:00', 16824.00, 'Gift', 0000000095, 0000000099, '1', 'Transfer', NULL, NULL),
(75869486314, '2023-05-18 00:00:00', 3727.00, NULL, 0000000096, 0000000109, '1', 'Transfer', NULL, NULL),
(75869486315, '2023-04-14 00:00:00', 17966.00, 'Gift', 0000000097, 0000000042, '1', 'Transfer', NULL, NULL),
(75869486316, '2023-03-29 00:00:00', 4503.00, 'Gift', 0000000098, 0000000037, '1', 'Transfer', NULL, NULL),
(75869486317, '2023-05-06 00:00:00', 14378.00, NULL, 0000000099, 0000000082, '1', 'Transfer', NULL, NULL),
(75869486318, '2022-06-01 00:00:00', 9757.00, NULL, 0000000100, 0000000096, '1', 'Transfer', NULL, NULL),
(75869486319, '2023-01-15 00:00:00', 5060.00, 'Gift', 0000000101, 0000000082, '1', 'Transfer', NULL, NULL),
(75869486320, '2022-07-13 00:00:00', 16266.00, 'Gift', 0000000102, 0000000091, '1', 'Transfer', NULL, NULL),
(75869486321, '2023-05-10 00:00:00', 13007.00, 'Gift', 0000000103, 0000000068, '1', 'Transfer', NULL, NULL),
(75869486322, '2021-10-26 00:00:00', 16230.00, NULL, 0000000104, 0000000007, '1', 'Transfer', NULL, NULL),
(75869486323, '2023-04-16 00:00:00', 17033.00, NULL, 0000000105, 0000000049, '1', 'Transfer', NULL, NULL),
(75869486324, '2023-03-04 00:00:00', 9919.00, NULL, 0000000106, 0000000079, '1', 'Transfer', NULL, NULL),
(75869486325, '2022-07-21 00:00:00', 14106.00, NULL, 0000000107, 0000000071, '1', 'Transfer', NULL, NULL),
(75869486326, '2023-04-13 00:00:00', 9440.00, NULL, 0000000108, 0000000078, '1', 'Transfer', NULL, NULL),
(75869486327, '2022-12-23 00:00:00', 10009.00, NULL, 0000000109, 0000000018, '1', 'Transfer', NULL, NULL),
(75869486328, '2023-05-01 00:00:00', 15442.00, NULL, 0000000110, 0000000003, '1', 'Transfer', NULL, NULL),
(75869486329, '2020-10-15 00:00:00', 6386.00, 'Gift', 0000000111, 0000000060, '1', 'Transfer', NULL, NULL),
(75869486330, '2021-11-25 00:00:00', 17643.00, 'Gift', 0000000112, 0000000036, '1', 'Transfer', NULL, NULL),
(75869486331, '2023-01-10 00:00:00', 497.00, NULL, 0000000113, 0000000102, '1', 'Transfer', NULL, NULL),
(75869486332, '2021-12-28 00:00:00', 16544.00, NULL, 0000000114, 0000000093, '1', 'Transfer', NULL, NULL),
(75869486333, '2022-04-10 00:00:00', 10589.00, NULL, 0000000115, 0000000082, '1', 'Transfer', NULL, NULL),
(75869486334, '2022-09-09 00:00:00', 16740.00, NULL, 0000000116, 0000000018, '1', 'Transfer', NULL, NULL),
(75869486335, '2023-03-22 00:00:00', 12941.00, NULL, 0000000117, 0000000069, '1', 'Transfer', NULL, NULL),
(75869486336, '2023-04-29 00:00:00', 8448.00, 'Gift', 0000000118, 0000000080, '1', 'Transfer', NULL, NULL),
(75869486337, '2023-05-17 00:00:00', 19756.00, NULL, 0000000119, 0000000074, '1', 'Transfer', NULL, NULL),
(75869486338, '2022-08-08 00:00:00', 8148.00, NULL, 0000000120, 0000000136, '1', 'Transfer', NULL, NULL),
(75869486339, '2022-11-15 00:00:00', 4248.00, NULL, 0000000121, 0000000097, '1', 'Transfer', NULL, NULL),
(75869486340, '2022-01-15 00:00:00', 18038.00, NULL, 0000000122, 0000000087, '1', 'Transfer', NULL, NULL),
(75869486341, '2021-09-25 00:00:00', 10001.00, NULL, 0000000123, 0000000094, '1', 'Transfer', NULL, NULL),
(75869486342, '2023-04-01 00:00:00', 6446.00, 'Gift', 0000000124, 0000000074, '1', 'Transfer', NULL, NULL),
(75869486343, '2022-04-12 00:00:00', 9395.00, NULL, 0000000125, 0000000047, '1', 'Transfer', NULL, NULL),
(75869486344, '2022-01-03 00:00:00', 13087.00, 'Gift', 0000000126, 0000000089, '1', 'Transfer', NULL, NULL),
(75869486345, '2022-08-16 00:00:00', 13882.00, 'Gift', 0000000127, 0000000039, '1', 'Transfer', NULL, NULL),
(75869486346, '2021-10-18 00:00:00', 3963.00, NULL, 0000000128, 0000000139, '1', 'Transfer', NULL, NULL),
(75869486347, '2022-02-17 00:00:00', 75.00, 'Gift', 0000000129, 0000000119, '1', 'Transfer', NULL, NULL),
(75869486348, '2022-10-05 00:00:00', 8052.00, NULL, 0000000130, 0000000088, '1', 'Transfer', NULL, NULL),
(75869486349, '2023-01-18 00:00:00', 12033.00, 'Gift', 0000000131, 0000000004, '1', 'Transfer', NULL, NULL),
(75869486350, '2023-05-23 00:00:00', 14322.00, NULL, 0000000132, 0000000125, '1', 'Transfer', NULL, NULL),
(75869486351, '2021-12-23 00:00:00', 17765.00, 'Gift', 0000000133, 0000000058, '1', 'Transfer', NULL, NULL),
(75869486352, '2021-12-27 00:00:00', 10509.00, 'Gift', 0000000134, 0000000018, '1', 'Transfer', NULL, NULL),
(75869486353, '2020-10-09 00:00:00', 18159.00, 'Gift', 0000000135, 0000000041, '1', 'Transfer', NULL, NULL),
(75869486354, '2023-04-22 00:00:00', 6783.00, NULL, 0000000136, 0000000069, '1', 'Transfer', NULL, NULL),
(75869486355, '2023-04-23 00:00:00', 18509.00, NULL, 0000000137, 0000000091, '1', 'Transfer', NULL, NULL),
(75869486356, '2022-10-08 00:00:00', 74.00, 'Gift', 0000000138, 0000000029, '1', 'Transfer', NULL, NULL),
(75869486357, '2023-05-01 00:00:00', 11127.00, 'Gift', 0000000139, 0000000017, '1', 'Transfer', NULL, NULL),
(75869486358, '2022-09-19 00:00:00', 2890.00, NULL, 0000000140, 0000000093, '1', 'Transfer', NULL, NULL),
(75869486359, '2021-07-28 00:00:00', 14750.00, 'Gift', 0000000141, 0000000080, '1', 'Transfer', NULL, NULL),
(75869486360, '2022-09-13 00:00:00', 2342.00, NULL, 0000000142, 0000000119, '1', 'Transfer', NULL, NULL),
(75869486361, '2022-12-10 00:00:00', 239.00, NULL, 0000000143, 0000000100, '1', 'Transfer', NULL, NULL),
(75869486362, '2022-09-08 00:00:00', 16840.00, NULL, 0000000144, 0000000090, '1', 'Transfer', NULL, NULL),
(75869486363, '2022-05-20 00:00:00', 13797.00, NULL, 0000000145, 0000000064, '1', 'Transfer', NULL, NULL),
(75869486729, '2023-05-28 01:25:17', 3008.11, 'loan payment', 0000000001, NULL, '1', 'Loan Installment Payment', NULL, 0000000000000001),
(75869486730, '2023-05-28 17:37:45', 2967.56, 'loan payment', 0000000002, NULL, '1', 'Loan Installment Payment', NULL, 0000000000000002),
(75869486731, '2023-05-28 06:31:45', 5096.94, 'loan payment', 0000000003, NULL, '1', 'Loan Installment Payment', NULL, 0000000000000003),
(75869486732, '2023-05-28 08:48:53', 3055.33, 'loan payment', 0000000004, NULL, '1', 'Loan Installment Payment', NULL, 0000000000000004),
(75869486733, '2023-05-27 00:00:00', 0.00, NULL, NULL, NULL, '1', 'Loan Installment Payment', NULL, NULL),
(75869486734, '2023-05-28 00:00:00', 0.00, NULL, NULL, NULL, '1', 'Loan Installment Payment', NULL, NULL),
(75869486735, '2023-05-28 18:28:41', 9420.92, 'loan payment', 0000000008, NULL, '1', 'Loan Installment Payment', NULL, 0000000000000005),
(75869486736, '2023-05-27 10:35:05', 4015.75, 'loan payment', 0000000009, NULL, '1', 'Loan Installment Payment', NULL, 0000000000000006),
(75869486737, '2023-05-27 00:00:00', 0.00, NULL, NULL, NULL, '1', 'Loan Installment Payment', NULL, NULL),
(75869486738, '2023-05-27 00:00:00', 0.00, NULL, NULL, NULL, '1', 'Loan Installment Payment', NULL, NULL),
(75869486739, '2023-05-27 08:00:36', 1720.94, 'loan payment', 0000000012, NULL, '1', 'Loan Installment Payment', NULL, 0000000000000007),
(75869486740, '2023-05-28 01:31:54', 6071.89, 'loan payment', 0000000013, NULL, '1', 'Loan Installment Payment', NULL, 0000000000000008),
(75869486741, '2023-05-28 00:00:00', 0.00, NULL, NULL, NULL, '1', 'Loan Installment Payment', NULL, NULL),
(75869486742, '2023-05-27 00:00:00', 0.00, NULL, NULL, NULL, '1', 'Loan Installment Payment', NULL, NULL),
(75869486743, '2023-05-27 00:00:00', 0.00, NULL, NULL, NULL, '1', 'Loan Installment Payment', NULL, NULL),
(75869486744, '2021-07-19 00:00:00', 0.00, NULL, NULL, NULL, '1', 'Loan Installment Payment', NULL, NULL),
(75869486745, '2023-05-28 15:46:29', 1180.14, 'loan payment', 0000000019, NULL, '1', 'Loan Installment Payment', NULL, 0000000000000010),
(75869486746, '2023-05-27 00:00:00', 0.00, NULL, NULL, NULL, '1', 'Loan Installment Payment', NULL, NULL),
(75869486747, '2021-11-01 22:48:00', 3527.78, 'loan payment', 0000000021, NULL, '1', 'Loan Installment Payment', NULL, 0000000000000011),
(75869486748, '2022-02-09 00:00:00', 0.00, NULL, NULL, NULL, '1', 'Loan Installment Payment', NULL, NULL),
(75869486749, '2021-10-23 04:34:07', 6784.58, 'loan payment', 0000000024, NULL, '1', 'Loan Installment Payment', NULL, 0000000000000012),
(75869486750, '2023-03-11 00:00:00', 0.00, NULL, NULL, NULL, '1', 'Loan Installment Payment', NULL, NULL),
(75869486751, '2022-09-25 10:17:37', 1952.33, 'loan payment', 0000000026, NULL, '1', 'Loan Installment Payment', NULL, 0000000000000013),
(75869486752, '2023-01-24 00:15:51', 2449.83, 'loan payment', 0000000027, NULL, '1', 'Loan Installment Payment', NULL, 0000000000000014),
(75869486753, '2023-03-08 00:00:00', 0.00, NULL, NULL, NULL, '1', 'Loan Installment Payment', NULL, NULL),
(75869486754, '2022-07-05 00:00:00', 0.00, NULL, NULL, NULL, '1', 'Loan Installment Payment', NULL, NULL),
(75869486755, '2020-04-09 21:53:58', 3345.67, 'loan payment', 0000000031, NULL, '1', 'Loan Installment Payment', NULL, 0000000000000015),
(75869486756, '2023-01-19 03:20:56', 9705.17, 'loan payment', 0000000032, NULL, '1', 'Loan Installment Payment', NULL, 0000000000000016),
(75869486757, '2021-05-18 19:30:35', 5902.44, 'loan payment', 0000000033, NULL, '1', 'Loan Installment Payment', NULL, 0000000000000017),
(75869486758, '2022-10-12 16:48:24', 4340.00, 'loan payment', 0000000035, NULL, '1', 'Loan Installment Payment', NULL, 0000000000000018),
(75869486759, '2022-01-22 00:00:00', 0.00, NULL, NULL, NULL, '1', 'Loan Installment Payment', NULL, NULL),
(75869486760, '2022-02-23 12:45:47', 2280.47, 'loan payment', 0000000037, NULL, '1', 'Loan Installment Payment', NULL, 0000000000000019),
(75869486761, '2023-05-27 02:36:13', 4302.39, 'loan payment', 0000000038, NULL, '1', 'Loan Installment Payment', NULL, 0000000000000020),
(75869486762, '2022-08-09 19:38:57', 2763.33, 'loan payment', 0000000039, NULL, '1', 'Loan Installment Payment', NULL, 0000000000000021),
(75869486763, '2021-11-13 10:51:46', 2067.61, 'loan payment', 0000000040, NULL, '1', 'Loan Installment Payment', NULL, 0000000000000022),
(75869486764, '2023-01-07 08:27:20', 9670.58, 'loan payment', 0000000041, NULL, '1', 'Loan Installment Payment', NULL, 0000000000000023),
(75869486765, '2023-01-07 00:00:00', 0.00, NULL, NULL, NULL, '1', 'Loan Installment Payment', NULL, NULL),
(75869486766, '2022-08-10 00:00:00', 0.00, NULL, NULL, NULL, '1', 'Loan Installment Payment', NULL, NULL),
(75869486767, '2023-05-22 21:28:57', 4472.61, 'loan payment', 0000000045, NULL, '1', 'Loan Installment Payment', NULL, 0000000000000024),
(75869486768, '2022-07-20 19:09:51', 3346.28, 'loan payment', 0000000047, NULL, '1', 'Loan Installment Payment', NULL, 0000000000000026),
(75869486769, '2023-01-26 16:10:10', 6444.50, 'loan payment', 0000000049, NULL, '1', 'Loan Installment Payment', NULL, 0000000000000027),
(75869486770, '2022-12-23 06:20:41', 1229.36, 'loan payment', 0000000050, NULL, '1', 'Loan Installment Payment', NULL, 0000000000000028),
(75869486771, '2023-03-31 08:43:21', 1240.17, 'loan payment', 0000000052, NULL, '1', 'Loan Installment Payment', NULL, 0000000000000030),
(75869486772, '2021-09-14 02:05:59', 8746.83, 'loan payment', 0000000053, NULL, '1', 'Loan Installment Payment', NULL, 0000000000000031),
(75869486773, '2023-01-06 00:00:00', 0.00, NULL, NULL, NULL, '1', 'Loan Installment Payment', NULL, NULL),
(75869486774, '2021-11-07 14:29:11', 3062.69, 'loan payment', 0000000055, NULL, '1', 'Loan Installment Payment', NULL, 0000000000000032),
(75869486775, '2021-12-24 09:32:19', 3298.81, 'loan payment', 0000000056, NULL, '1', 'Loan Installment Payment', NULL, 0000000000000033),
(75869486776, '2022-05-09 15:25:10', 3108.44, 'loan payment', 0000000057, NULL, '1', 'Loan Installment Payment', NULL, 0000000000000034),
(75869486777, '2023-05-01 06:14:51', 3112.67, 'loan payment', 0000000059, NULL, '1', 'Loan Installment Payment', NULL, 0000000000000036),
(75869486778, '2021-07-26 00:00:00', 0.00, NULL, NULL, NULL, '1', 'Loan Installment Payment', NULL, NULL),
(75869486779, '2023-01-16 06:24:35', 1029.50, 'loan payment', 0000000061, NULL, '1', 'Loan Installment Payment', NULL, 0000000000000037),
(75869486780, '2022-02-16 00:14:35', 5726.44, 'loan payment', 0000000062, NULL, '1', 'Loan Installment Payment', NULL, 0000000000000038),
(75869486781, '2021-04-24 03:38:11', 3828.50, 'loan payment', 0000000063, NULL, '1', 'Loan Installment Payment', NULL, 0000000000000039),
(75869486782, '2023-04-30 13:18:30', 1731.19, 'loan payment', 0000000064, NULL, '1', 'Loan Installment Payment', NULL, 0000000000000040),
(75869486783, '2023-01-11 07:03:56', 6202.83, 'loan payment', 0000000065, NULL, '1', 'Loan Installment Payment', NULL, 0000000000000041),
(75869486784, '2021-01-26 20:25:18', 2353.39, 'loan payment', 0000000066, NULL, '1', 'Loan Installment Payment', NULL, 0000000000000042),
(75869486785, '2020-05-30 09:57:15', 2802.39, 'loan payment', 0000000067, NULL, '1', 'Loan Installment Payment', NULL, 0000000000000043),
(75869486786, '2022-07-03 12:17:40', 7553.50, 'loan payment', 0000000068, NULL, '1', 'Loan Installment Payment', NULL, 0000000000000044),
(75869486787, '2022-09-08 19:54:14', 611.75, 'loan payment', 0000000069, NULL, '1', 'Loan Installment Payment', NULL, 0000000000000045),
(75869486788, '2023-05-20 00:00:00', 0.00, NULL, NULL, NULL, '1', 'Loan Installment Payment', NULL, NULL),
(75869486789, '2021-03-05 07:51:15', 5824.50, 'loan payment', 0000000071, NULL, '1', 'Loan Installment Payment', NULL, 0000000000000046),
(75869486790, '2021-02-07 05:03:13', 6063.56, 'loan payment', 0000000072, NULL, '1', 'Loan Installment Payment', NULL, 0000000000000047),
(75869486791, '2021-02-01 00:00:00', 0.00, NULL, NULL, NULL, '1', 'Loan Installment Payment', NULL, NULL),
(75869486792, '2020-11-06 00:00:00', 0.00, NULL, NULL, NULL, '1', 'Loan Installment Payment', NULL, NULL),
(75869486793, '2023-05-11 15:17:11', 6163.39, 'loan payment', 0000000075, NULL, '1', 'Loan Installment Payment', NULL, 0000000000000048),
(75869486794, '2023-01-23 12:57:25', 1519.28, 'loan payment', 0000000076, NULL, '1', 'Loan Installment Payment', NULL, 0000000000000049),
(75869486795, '2023-02-13 00:00:00', 0.00, NULL, NULL, NULL, '1', 'Loan Installment Payment', NULL, NULL),
(75869486796, '2023-03-08 07:30:08', 1645.50, 'loan payment', 0000000078, NULL, '1', 'Loan Installment Payment', NULL, 0000000000000050),
(75869486797, '2022-08-27 17:09:56', 3485.08, 'loan payment', 0000000079, NULL, '1', 'Loan Installment Payment', NULL, 0000000000000051),
(75869486798, '2022-12-01 07:37:11', 5488.75, 'loan payment', 0000000080, NULL, '1', 'Loan Installment Payment', NULL, 0000000000000052),
(75869486799, '2023-05-02 15:27:27', 1927.14, 'loan payment', 0000000081, NULL, '1', 'Loan Installment Payment', NULL, 0000000000000053),
(75869486800, '2022-10-18 10:44:39', 2206.33, 'loan payment', 0000000082, NULL, '1', 'Loan Installment Payment', NULL, 0000000000000054),
(75869486801, '2022-11-16 08:25:20', 9943.50, 'loan payment', 0000000084, NULL, '1', 'Loan Installment Payment', NULL, 0000000000000055),
(75869486802, '2022-06-21 18:04:59', 565.89, 'loan payment', 0000000085, NULL, '1', 'Loan Installment Payment', NULL, 0000000000000056),
(75869486803, '2021-02-20 00:00:00', 0.00, NULL, NULL, NULL, '1', 'Loan Installment Payment', NULL, NULL),
(75869486804, '2022-12-07 00:00:00', 0.00, NULL, NULL, NULL, '1', 'Loan Installment Payment', NULL, NULL),
(75869486805, '2023-05-20 22:54:07', 6298.44, 'loan payment', 0000000090, NULL, '1', 'Loan Installment Payment', NULL, 0000000000000058),
(75869486806, '2022-03-04 20:31:19', 6320.17, 'loan payment', 0000000091, NULL, '1', 'Loan Installment Payment', NULL, 0000000000000059),
(75869486807, '2023-05-17 00:00:00', 0.00, NULL, NULL, NULL, '1', 'Loan Installment Payment', NULL, NULL),
(75869486808, '2021-10-03 00:00:00', 0.00, NULL, NULL, NULL, '1', 'Loan Installment Payment', NULL, NULL),
(75869486809, '2022-02-16 00:23:34', 2523.22, 'loan payment', 0000000095, NULL, '1', 'Loan Installment Payment', NULL, 0000000000000061),
(75869486810, '2023-03-14 08:13:17', 1166.92, 'loan payment', 0000000097, NULL, '1', 'Loan Installment Payment', NULL, 0000000000000063),
(75869486811, '2022-10-23 19:48:15', 4262.11, 'loan payment', 0000000099, NULL, '1', 'Loan Installment Payment', NULL, 0000000000000064),
(75869486812, '2021-03-03 00:00:00', 0.00, NULL, NULL, NULL, '1', 'Loan Installment Payment', NULL, NULL),
(75869486813, '2023-04-28 12:00:39', 5785.89, 'loan payment', 0000000103, NULL, '1', 'Loan Installment Payment', NULL, 0000000000000067),
(75869486814, '2022-02-14 11:52:45', 2941.64, 'loan payment', 0000000104, NULL, '1', 'Loan Installment Payment', NULL, 0000000000000068),
(75869486815, '2023-03-05 00:00:00', 0.00, NULL, NULL, NULL, '1', 'Loan Installment Payment', NULL, NULL),
(75869486816, '2022-06-11 11:46:42', 2678.39, 'loan payment', 0000000106, NULL, '1', 'Loan Installment Payment', NULL, 0000000000000069),
(75869486817, '2023-02-27 00:00:00', 0.00, NULL, NULL, NULL, '1', 'Loan Installment Payment', NULL, NULL),
(75869486818, '2022-07-21 18:30:53', 4323.67, 'loan payment', 0000000109, NULL, '1', 'Loan Installment Payment', NULL, 0000000000000070),
(75869486819, '2021-04-02 00:00:00', 0.00, NULL, NULL, NULL, '1', 'Loan Installment Payment', NULL, NULL),
(75869486820, '2022-02-25 23:30:16', 2931.67, 'loan payment', 0000000112, NULL, '1', 'Loan Installment Payment', NULL, 0000000000000071),
(75869486821, '2023-01-13 06:24:16', 3908.33, 'loan payment', 0000000113, NULL, '1', 'Loan Installment Payment', NULL, 0000000000000072),
(75869486822, '2022-04-10 00:00:00', 0.00, NULL, NULL, NULL, '1', 'Loan Installment Payment', NULL, NULL),
(75869486823, '2022-11-06 15:07:59', 2054.33, 'loan payment', 0000000115, NULL, '1', 'Loan Installment Payment', NULL, 0000000000000073),
(75869486824, '2023-05-27 00:00:00', 0.00, NULL, NULL, NULL, '1', 'Loan Installment Payment', NULL, NULL),
(75869486825, '2022-12-31 00:00:00', 0.00, NULL, NULL, NULL, '1', 'Loan Installment Payment', NULL, NULL),
(75869486826, '2021-07-19 15:07:18', 2394.00, 'loan payment', 0000000119, NULL, '1', 'Loan Installment Payment', NULL, 0000000000000075),
(75869486827, '2022-04-06 13:38:38', 2154.47, 'loan payment', 0000000120, NULL, '1', 'Loan Installment Payment', NULL, 0000000000000076),
(75869486828, '2021-10-06 21:08:19', 2253.67, 'loan payment', 0000000122, NULL, '1', 'Loan Installment Payment', NULL, 0000000000000078),
(75869486829, '2021-05-20 00:00:00', 0.00, NULL, NULL, NULL, '1', 'Loan Installment Payment', NULL, NULL),
(75869486830, '2022-10-12 00:00:00', 0.00, NULL, NULL, NULL, '1', 'Loan Installment Payment', NULL, NULL),
(75869486831, '2022-09-20 17:48:13', 5091.33, 'loan payment', 0000000125, NULL, '1', 'Loan Installment Payment', NULL, 0000000000000079),
(75869486832, '2023-02-12 07:40:49', 4668.00, 'loan payment', 0000000126, NULL, '1', 'Loan Installment Payment', NULL, 0000000000000080),
(75869486833, '2022-06-05 21:30:46', 5104.28, 'loan payment', 0000000127, NULL, '1', 'Loan Installment Payment', NULL, 0000000000000081),
(75869486834, '2020-10-16 04:24:58', 4537.83, 'loan payment', 0000000128, NULL, '1', 'Loan Installment Payment', NULL, 0000000000000082),
(75869486835, '2023-02-10 00:00:00', 0.00, NULL, NULL, NULL, '1', 'Loan Installment Payment', NULL, NULL),
(75869486836, '2023-05-10 15:19:09', 5772.67, 'loan payment', 0000000132, NULL, '1', 'Loan Installment Payment', NULL, 0000000000000085),
(75869486837, '2022-12-22 04:10:12', 6996.75, 'loan payment', 0000000133, NULL, '1', 'Loan Installment Payment', NULL, 0000000000000086),
(75869486838, '2023-04-16 11:22:40', 2639.86, 'loan payment', 0000000134, NULL, '1', 'Loan Installment Payment', NULL, 0000000000000087),
(75869486839, '2021-08-15 16:57:55', 2854.67, 'loan payment', 0000000135, NULL, '1', 'Loan Installment Payment', NULL, 0000000000000088),
(75869486840, '2023-04-20 06:49:07', 6433.28, 'loan payment', 0000000136, NULL, '1', 'Loan Installment Payment', NULL, 0000000000000089),
(75869486841, '2023-03-23 22:31:49', 6247.50, 'loan payment', 0000000137, NULL, '1', 'Loan Installment Payment', NULL, 0000000000000090),
(75869486842, '2022-11-01 11:47:44', 2130.79, 'loan payment', 0000000138, NULL, '1', 'Loan Installment Payment', NULL, 0000000000000091),
(75869486843, '2023-04-17 19:05:28', 2065.03, 'loan payment', 0000000139, NULL, '1', 'Loan Installment Payment', NULL, 0000000000000092),
(75869486844, '2022-07-25 00:00:00', 0.00, NULL, NULL, NULL, '1', 'Loan Installment Payment', NULL, NULL),
(75869486845, '2022-07-16 00:00:00', 0.00, NULL, NULL, NULL, '1', 'Loan Installment Payment', NULL, NULL),
(75869486846, '2022-08-22 18:08:30', 5846.50, 'loan payment', 0000000142, NULL, '1', 'Loan Installment Payment', NULL, 0000000000000093),
(75869486847, '2022-05-23 00:00:00', 0.00, NULL, NULL, NULL, '1', 'Loan Installment Payment', NULL, NULL),
(75869486848, '2023-02-27 07:39:00', 2056.81, 'loan payment', 0000000144, NULL, '1', 'Loan Installment Payment', NULL, 0000000000000094),
(75869486849, '2022-11-12 11:40:14', 5884.50, 'loan payment', 0000000145, NULL, '1', 'Loan Installment Payment', NULL, 0000000000000095),
(75869486856, '2023-05-27 18:50:38', 3008.11, 'loan payment', 0000000001, NULL, '1', 'Loan Installment Payment', NULL, 0000000000000001),
(75869486857, '2023-05-27 19:57:44', 2967.56, 'loan payment', 0000000002, NULL, '1', 'Loan Installment Payment', NULL, 0000000000000002),
(75869486858, '2023-05-28 11:52:08', 5096.94, 'loan payment', 0000000003, NULL, '1', 'Loan Installment Payment', NULL, 0000000000000003);
INSERT INTO `transaction` (`transaction_id`, `transaction_date`, `transaction_amount`, `transaction_detail`, `account_transferor`, `account_receiver`, `err_code`, `trans_type`, `bill_id`, `loan_id`) VALUES
(75869486859, '2023-05-28 04:05:33', 3055.33, 'loan payment', 0000000004, NULL, '1', 'Loan Installment Payment', NULL, 0000000000000004),
(75869486860, '2023-05-28 00:00:00', 0.00, NULL, NULL, NULL, '1', 'Loan Installment Payment', NULL, NULL),
(75869486861, '2023-05-28 00:00:00', 0.00, NULL, NULL, NULL, '1', 'Loan Installment Payment', NULL, NULL),
(75869486862, '2023-05-28 00:00:00', 0.00, NULL, NULL, NULL, '1', 'Loan Installment Payment', NULL, NULL),
(75869486863, '2023-05-28 14:52:11', 9420.92, 'loan payment', 0000000008, NULL, '1', 'Loan Installment Payment', NULL, 0000000000000005),
(75869486864, '2023-05-27 07:19:05', 4015.75, 'loan payment', 0000000009, NULL, '1', 'Loan Installment Payment', NULL, 0000000000000006),
(75869486865, '2023-05-27 00:00:00', 0.00, NULL, NULL, NULL, '1', 'Loan Installment Payment', NULL, NULL),
(75869486866, '2023-05-27 19:03:34', 1720.94, 'loan payment', 0000000012, NULL, '1', 'Loan Installment Payment', NULL, 0000000000000007),
(75869486867, '2023-05-27 05:03:29', 6071.89, 'loan payment', 0000000013, NULL, '1', 'Loan Installment Payment', NULL, 0000000000000008),
(75869486868, '2023-05-28 00:00:00', 0.00, NULL, NULL, NULL, '1', 'Loan Installment Payment', NULL, NULL),
(75869486869, '2023-05-28 00:00:00', 0.00, NULL, NULL, NULL, '1', 'Loan Installment Payment', NULL, NULL),
(75869486870, '2023-05-27 00:00:00', 0.00, NULL, NULL, NULL, '1', 'Loan Installment Payment', NULL, NULL),
(75869486871, '2020-05-28 00:00:00', 0.00, NULL, NULL, NULL, '1', 'Loan Installment Payment', NULL, NULL),
(75869486872, '2023-05-27 12:06:19', 4343.94, 'loan payment', 0000000018, NULL, '1', 'Loan Installment Payment', NULL, 0000000000000009),
(75869486873, '2023-05-28 07:18:57', 1180.14, 'loan payment', 0000000019, NULL, '1', 'Loan Installment Payment', NULL, 0000000000000010),
(75869486874, '2023-05-28 00:00:00', 0.00, NULL, NULL, NULL, '1', 'Loan Installment Payment', NULL, NULL),
(75869486875, '2021-01-03 22:15:35', 3527.78, 'loan payment', 0000000021, NULL, '1', 'Loan Installment Payment', NULL, 0000000000000011),
(75869486876, '2023-01-10 00:00:00', 0.00, NULL, NULL, NULL, '1', 'Loan Installment Payment', NULL, NULL),
(75869486877, '2021-12-19 00:00:00', 0.00, NULL, NULL, NULL, '1', 'Loan Installment Payment', NULL, NULL),
(75869486878, '2023-05-25 01:57:00', 6784.58, 'loan payment', 0000000024, NULL, '1', 'Loan Installment Payment', NULL, 0000000000000012),
(75869486879, '2023-02-21 00:00:00', 0.00, NULL, NULL, NULL, '1', 'Loan Installment Payment', NULL, NULL),
(75869486880, '2022-09-01 12:26:31', 1952.33, 'loan payment', 0000000026, NULL, '1', 'Loan Installment Payment', NULL, 0000000000000013),
(75869486881, '2023-01-16 05:40:32', 2449.83, 'loan payment', 0000000027, NULL, '1', 'Loan Installment Payment', NULL, 0000000000000014),
(75869486882, '2021-04-30 00:00:00', 0.00, NULL, NULL, NULL, '1', 'Loan Installment Payment', NULL, NULL),
(75869486883, '2023-05-19 00:00:00', 0.00, NULL, NULL, NULL, '1', 'Loan Installment Payment', NULL, NULL),
(75869486884, '2020-11-05 00:00:00', 0.00, NULL, NULL, NULL, '1', 'Loan Installment Payment', NULL, NULL),
(75869486885, '2022-07-18 00:41:13', 3345.67, 'loan payment', 0000000031, NULL, '1', 'Loan Installment Payment', NULL, 0000000000000015),
(75869486886, '2023-03-29 11:48:57', 9705.17, 'loan payment', 0000000032, NULL, '1', 'Loan Installment Payment', NULL, 0000000000000016),
(75869486887, '2022-04-24 16:43:25', 5902.44, 'loan payment', 0000000033, NULL, '1', 'Loan Installment Payment', NULL, 0000000000000017),
(75869486888, '2022-11-07 00:00:00', 0.00, NULL, NULL, NULL, '1', 'Loan Installment Payment', NULL, NULL),
(75869486889, '2021-07-05 22:54:21', 4340.00, 'loan payment', 0000000035, NULL, '1', 'Loan Installment Payment', NULL, 0000000000000018),
(75869486890, '2022-09-22 00:38:22', 9670.58, 'loan payment', 0000000041, NULL, '1', 'Loan Installment Payment', NULL, 0000000000000023),
(75869486891, '2022-02-27 00:00:00', 0.00, NULL, NULL, NULL, '1', 'Loan Installment Payment', NULL, NULL),
(75869486892, '2023-03-17 00:00:00', 0.00, NULL, NULL, NULL, '1', 'Loan Installment Payment', NULL, NULL),
(75869486893, '2021-09-11 00:00:00', 0.00, NULL, NULL, NULL, '1', 'Loan Installment Payment', NULL, NULL),
(75869486894, '2023-05-22 15:58:45', 2711.42, 'loan payment', 0000000046, NULL, '1', 'Loan Installment Payment', NULL, 0000000000000025),
(75869486895, '2021-09-11 02:18:04', 3346.28, 'loan payment', 0000000047, NULL, '1', 'Loan Installment Payment', NULL, 0000000000000026),
(75869486896, '2022-11-20 00:00:00', 0.00, NULL, NULL, NULL, '1', 'Loan Installment Payment', NULL, NULL),
(75869486897, '2023-03-30 09:40:00', 6444.50, 'loan payment', 0000000049, NULL, '1', 'Loan Installment Payment', NULL, 0000000000000027),
(75869486898, '2022-08-20 08:00:27', 1229.36, 'loan payment', 0000000050, NULL, '1', 'Loan Installment Payment', NULL, 0000000000000028),
(75869486899, '2023-02-07 17:55:54', 1240.17, 'loan payment', 0000000052, NULL, '1', 'Loan Installment Payment', NULL, 0000000000000030),
(75869486900, '2022-06-13 00:00:00', 0.00, NULL, NULL, NULL, '1', 'Loan Installment Payment', NULL, NULL),
(75869486901, '2022-08-10 09:26:12', 3062.69, 'loan payment', 0000000055, NULL, '1', 'Loan Installment Payment', NULL, 0000000000000032),
(75869486902, '2022-11-09 18:08:10', 3298.81, 'loan payment', 0000000056, NULL, '1', 'Loan Installment Payment', NULL, 0000000000000033),
(75869486903, '2021-09-27 20:18:58', 3108.44, 'loan payment', 0000000057, NULL, '1', 'Loan Installment Payment', NULL, 0000000000000034),
(75869486904, '2022-01-21 02:18:25', 2200.03, 'loan payment', 0000000058, NULL, '1', 'Loan Installment Payment', NULL, 0000000000000035),
(75869486905, '2023-05-07 09:57:05', 3112.67, 'loan payment', 0000000059, NULL, '1', 'Loan Installment Payment', NULL, 0000000000000036),
(75869486906, '2021-03-30 00:00:00', 0.00, NULL, NULL, NULL, '1', 'Loan Installment Payment', NULL, NULL),
(75869486907, '2023-01-09 13:29:09', 1029.50, 'loan payment', 0000000061, NULL, '1', 'Loan Installment Payment', NULL, 0000000000000037),
(75869486908, '2023-01-13 16:05:42', 1731.19, 'loan payment', 0000000064, NULL, '1', 'Loan Installment Payment', NULL, 0000000000000040),
(75869486909, '2021-06-26 05:05:23', 6202.83, 'loan payment', 0000000065, NULL, '1', 'Loan Installment Payment', NULL, 0000000000000041),
(75869486910, '2020-12-06 13:07:16', 2802.39, 'loan payment', 0000000067, NULL, '1', 'Loan Installment Payment', NULL, 0000000000000043),
(75869486911, '2023-04-02 14:20:47', 7553.50, 'loan payment', 0000000068, NULL, '1', 'Loan Installment Payment', NULL, 0000000000000044),
(75869486912, '2022-07-18 01:56:13', 611.75, 'loan payment', 0000000069, NULL, '1', 'Loan Installment Payment', NULL, 0000000000000045),
(75869486913, '2023-05-23 00:00:00', 0.00, NULL, NULL, NULL, '1', 'Loan Installment Payment', NULL, NULL),
(75869486914, '2020-11-02 10:05:06', 5824.50, 'loan payment', 0000000071, NULL, '1', 'Loan Installment Payment', NULL, 0000000000000046),
(75869486915, '2021-02-21 16:46:29', 6063.56, 'loan payment', 0000000072, NULL, '1', 'Loan Installment Payment', NULL, 0000000000000047),
(75869486916, '2020-11-09 00:00:00', 0.00, NULL, NULL, NULL, '1', 'Loan Installment Payment', NULL, NULL),
(75869486917, '2021-03-30 00:00:00', 0.00, NULL, NULL, NULL, '1', 'Loan Installment Payment', NULL, NULL),
(75869486918, '2023-05-28 20:25:20', 6163.39, 'loan payment', 0000000075, NULL, '1', 'Loan Installment Payment', NULL, 0000000000000048),
(75869486919, '2022-12-15 23:46:49', 1519.28, 'loan payment', 0000000076, NULL, '1', 'Loan Installment Payment', NULL, 0000000000000049),
(75869486920, '2023-01-27 23:48:22', 1645.50, 'loan payment', 0000000078, NULL, '1', 'Loan Installment Payment', NULL, 0000000000000050),
(75869486921, '2023-01-11 01:30:50', 3485.08, 'loan payment', 0000000079, NULL, '1', 'Loan Installment Payment', NULL, 0000000000000051),
(75869486922, '2022-11-30 03:44:10', 5488.75, 'loan payment', 0000000080, NULL, '1', 'Loan Installment Payment', NULL, 0000000000000052),
(75869486923, '2022-09-10 17:22:40', 1927.14, 'loan payment', 0000000081, NULL, '1', 'Loan Installment Payment', NULL, 0000000000000053),
(75869486924, '2023-02-27 09:39:56', 565.89, 'loan payment', 0000000085, NULL, '1', 'Loan Installment Payment', NULL, 0000000000000056),
(75869486925, '2021-11-12 00:00:00', 0.00, NULL, NULL, NULL, '1', 'Loan Installment Payment', NULL, NULL),
(75869486926, '2023-04-07 01:33:52', 2582.22, 'loan payment', 0000000088, NULL, '1', 'Loan Installment Payment', NULL, 0000000000000057),
(75869486927, '2022-06-15 00:00:00', 0.00, NULL, NULL, NULL, '1', 'Loan Installment Payment', NULL, NULL),
(75869486928, '2022-11-27 18:15:38', 6298.44, 'loan payment', 0000000090, NULL, '1', 'Loan Installment Payment', NULL, 0000000000000058),
(75869486929, '2022-11-09 01:49:24', 6320.17, 'loan payment', 0000000091, NULL, '1', 'Loan Installment Payment', NULL, 0000000000000059),
(75869486930, '2022-12-21 00:00:00', 0.00, NULL, NULL, NULL, '1', 'Loan Installment Payment', NULL, NULL),
(75869486931, '2022-11-07 22:24:57', 2209.94, 'loan payment', 0000000094, NULL, '1', 'Loan Installment Payment', NULL, 0000000000000060),
(75869486932, '2023-03-16 04:09:20', 2523.22, 'loan payment', 0000000095, NULL, '1', 'Loan Installment Payment', NULL, 0000000000000061),
(75869486933, '2023-05-22 10:57:47', 1032.46, 'loan payment', 0000000096, NULL, '1', 'Loan Installment Payment', NULL, 0000000000000062),
(75869486934, '2023-04-13 00:00:00', 0.00, NULL, NULL, NULL, '1', 'Loan Installment Payment', NULL, NULL),
(75869486935, '2022-08-27 16:06:34', 4262.11, 'loan payment', 0000000099, NULL, '1', 'Loan Installment Payment', NULL, 0000000000000064),
(75869486936, '2022-08-28 20:38:35', 3601.00, 'loan payment', 0000000100, NULL, '1', 'Loan Installment Payment', NULL, 0000000000000065),
(75869486937, '2022-11-10 17:05:08', 1837.73, 'loan payment', 0000000101, NULL, '1', 'Loan Installment Payment', NULL, 0000000000000066),
(75869486938, '2023-04-23 00:55:03', 5785.89, 'loan payment', 0000000103, NULL, '1', 'Loan Installment Payment', NULL, 0000000000000067),
(75869486939, '2022-10-01 18:13:34', 2941.64, 'loan payment', 0000000104, NULL, '1', 'Loan Installment Payment', NULL, 0000000000000068),
(75869486940, '2023-02-18 00:00:00', 0.00, NULL, NULL, NULL, '1', 'Loan Installment Payment', NULL, NULL),
(75869486941, '2023-03-20 20:27:18', 2678.39, 'loan payment', 0000000106, NULL, '1', 'Loan Installment Payment', NULL, 0000000000000069),
(75869486942, '2023-02-09 00:00:00', 0.00, NULL, NULL, NULL, '1', 'Loan Installment Payment', NULL, NULL),
(75869486943, '2022-07-08 09:36:18', 4323.67, 'loan payment', 0000000109, NULL, '1', 'Loan Installment Payment', NULL, 0000000000000070),
(75869486944, '2023-03-30 00:00:00', 0.00, NULL, NULL, NULL, '1', 'Loan Installment Payment', NULL, NULL),
(75869486945, '2022-03-16 00:00:00', 0.00, NULL, NULL, NULL, '1', 'Loan Installment Payment', NULL, NULL),
(75869486946, '2023-04-26 18:07:10', 2931.67, 'loan payment', 0000000112, NULL, '1', 'Loan Installment Payment', NULL, 0000000000000071),
(75869486947, '2023-02-23 08:03:04', 3908.33, 'loan payment', 0000000113, NULL, '1', 'Loan Installment Payment', NULL, 0000000000000072),
(75869486948, '2023-04-04 00:00:00', 0.00, NULL, NULL, NULL, '1', 'Loan Installment Payment', NULL, NULL),
(75869486949, '2023-01-07 22:17:13', 2054.33, 'loan payment', 0000000115, NULL, '1', 'Loan Installment Payment', NULL, 0000000000000073),
(75869486950, '2023-02-19 00:00:00', 0.00, NULL, NULL, NULL, '1', 'Loan Installment Payment', NULL, NULL),
(75869486951, '2022-09-21 00:00:00', 0.00, NULL, NULL, NULL, '1', 'Loan Installment Payment', NULL, NULL),
(75869486952, '2023-04-16 11:25:28', 995.06, 'loan payment', 0000000118, NULL, '1', 'Loan Installment Payment', NULL, 0000000000000074),
(75869486953, '2021-06-16 05:38:11', 2394.00, 'loan payment', 0000000119, NULL, '1', 'Loan Installment Payment', NULL, 0000000000000075),
(75869486954, '2023-04-12 23:26:16', 2154.47, 'loan payment', 0000000120, NULL, '1', 'Loan Installment Payment', NULL, 0000000000000076),
(75869486955, '2022-12-09 08:57:20', 723.50, 'loan payment', 0000000121, NULL, '1', 'Loan Installment Payment', NULL, 0000000000000077),
(75869486956, '2022-07-04 10:17:34', 2253.67, 'loan payment', 0000000122, NULL, '1', 'Loan Installment Payment', NULL, 0000000000000078),
(75869486957, '2021-06-11 00:00:00', 0.00, NULL, NULL, NULL, '1', 'Loan Installment Payment', NULL, NULL),
(75869486958, '2023-02-05 00:00:00', 0.00, NULL, NULL, NULL, '1', 'Loan Installment Payment', NULL, NULL),
(75869486959, '2021-07-06 19:06:30', 5091.33, 'loan payment', 0000000125, NULL, '1', 'Loan Installment Payment', NULL, 0000000000000079),
(75869486960, '2023-04-05 01:41:04', 4668.00, 'loan payment', 0000000126, NULL, '1', 'Loan Installment Payment', NULL, 0000000000000080),
(75869486961, '2021-03-15 22:00:22', 4537.83, 'loan payment', 0000000128, NULL, '1', 'Loan Installment Payment', NULL, 0000000000000082),
(75869486962, '2021-08-04 02:20:57', 1400.06, 'loan payment', 0000000129, NULL, '1', 'Loan Installment Payment', NULL, 0000000000000083),
(75869486963, '2023-04-19 00:00:00', 0.00, NULL, NULL, NULL, '1', 'Loan Installment Payment', NULL, NULL),
(75869486964, '2023-05-22 12:21:46', 1649.19, 'loan payment', 0000000131, NULL, '1', 'Loan Installment Payment', NULL, 0000000000000084),
(75869486965, '2021-08-14 09:58:27', 6996.75, 'loan payment', 0000000133, NULL, '1', 'Loan Installment Payment', NULL, 0000000000000086),
(75869486966, '2021-11-11 22:02:20', 2639.86, 'loan payment', 0000000134, NULL, '1', 'Loan Installment Payment', NULL, 0000000000000087),
(75869486967, '2021-09-19 15:54:58', 2854.67, 'loan payment', 0000000135, NULL, '1', 'Loan Installment Payment', NULL, 0000000000000088),
(75869486968, '2023-05-12 17:05:27', 6433.28, 'loan payment', 0000000136, NULL, '1', 'Loan Installment Payment', NULL, 0000000000000089),
(75869486969, '2023-05-18 02:01:43', 6247.50, 'loan payment', 0000000137, NULL, '1', 'Loan Installment Payment', NULL, 0000000000000090),
(75869486970, '2023-05-25 15:59:18', 2065.03, 'loan payment', 0000000139, NULL, '1', 'Loan Installment Payment', NULL, 0000000000000092),
(75869486971, '2021-11-20 00:00:00', 0.00, NULL, NULL, NULL, '1', 'Loan Installment Payment', NULL, NULL),
(75869486972, '2022-12-24 00:00:00', 0.00, NULL, NULL, NULL, '1', 'Loan Installment Payment', NULL, NULL),
(75869486973, '2022-12-10 09:28:49', 5846.50, 'loan payment', 0000000142, NULL, '1', 'Loan Installment Payment', NULL, 0000000000000093),
(75869486974, '2023-02-23 22:36:46', 2056.81, 'loan payment', 0000000144, NULL, '1', 'Loan Installment Payment', NULL, 0000000000000094),
(75869486975, '2022-07-27 09:34:37', 5884.50, 'loan payment', 0000000145, NULL, '1', 'Loan Installment Payment', NULL, 0000000000000095),
(75869486983, '2023-05-27 13:12:30', 3008.11, 'loan payment', 0000000001, NULL, '1', 'Loan Installment Payment', NULL, 0000000000000001),
(75869486984, '2023-05-27 10:32:11', 2967.56, 'loan payment', 0000000002, NULL, '1', 'Loan Installment Payment', NULL, 0000000000000002),
(75869486985, '2023-05-28 18:09:07', 5096.94, 'loan payment', 0000000003, NULL, '1', 'Loan Installment Payment', NULL, 0000000000000003),
(75869486986, '2023-05-28 13:14:10', 3055.33, 'loan payment', 0000000004, NULL, '1', 'Loan Installment Payment', NULL, 0000000000000004),
(75869486987, '2023-05-28 00:00:00', 0.00, NULL, NULL, NULL, '1', 'Loan Installment Payment', NULL, NULL),
(75869486988, '2023-05-27 00:00:00', 0.00, NULL, NULL, NULL, '1', 'Loan Installment Payment', NULL, NULL),
(75869486989, '2023-05-27 21:18:36', 9420.92, 'loan payment', 0000000008, NULL, '1', 'Loan Installment Payment', NULL, 0000000000000005),
(75869486990, '2023-05-28 00:00:00', 0.00, NULL, NULL, NULL, '1', 'Loan Installment Payment', NULL, NULL),
(75869486991, '2023-05-28 00:00:00', 0.00, NULL, NULL, NULL, '1', 'Loan Installment Payment', NULL, NULL),
(75869486992, '2023-05-28 01:39:45', 1720.94, 'loan payment', 0000000012, NULL, '1', 'Loan Installment Payment', NULL, 0000000000000007),
(75869486993, '2023-05-28 03:46:17', 6071.89, 'loan payment', 0000000013, NULL, '1', 'Loan Installment Payment', NULL, 0000000000000008),
(75869486994, '2023-05-27 00:00:00', 0.00, NULL, NULL, NULL, '1', 'Loan Installment Payment', NULL, NULL),
(75869486995, '2023-05-28 00:00:00', 0.00, NULL, NULL, NULL, '1', 'Loan Installment Payment', NULL, NULL),
(75869486996, '2021-11-19 00:00:00', 0.00, NULL, NULL, NULL, '1', 'Loan Installment Payment', NULL, NULL),
(75869486997, '2023-05-28 06:03:21', 4343.94, 'loan payment', 0000000018, NULL, '1', 'Loan Installment Payment', NULL, 0000000000000009),
(75869486998, '2023-05-28 09:12:43', 1180.14, 'loan payment', 0000000019, NULL, '1', 'Loan Installment Payment', NULL, 0000000000000010),
(75869486999, '2021-01-24 16:30:18', 3527.78, 'loan payment', 0000000021, NULL, '1', 'Loan Installment Payment', NULL, 0000000000000011),
(75869487000, '2022-01-14 00:00:00', 0.00, NULL, NULL, NULL, '1', 'Loan Installment Payment', NULL, NULL),
(75869487001, '2022-12-19 00:00:00', 0.00, NULL, NULL, NULL, '1', 'Loan Installment Payment', NULL, NULL),
(75869487002, '2023-03-28 05:37:33', 6784.58, 'loan payment', 0000000024, NULL, '1', 'Loan Installment Payment', NULL, 0000000000000012),
(75869487003, '2023-01-19 00:00:00', 0.00, NULL, NULL, NULL, '1', 'Loan Installment Payment', NULL, NULL),
(75869487004, '2021-09-25 09:43:29', 1952.33, 'loan payment', 0000000026, NULL, '1', 'Loan Installment Payment', NULL, 0000000000000013),
(75869487005, '2022-08-13 05:58:52', 2449.83, 'loan payment', 0000000027, NULL, '1', 'Loan Installment Payment', NULL, 0000000000000014),
(75869487006, '2021-06-23 00:00:00', 0.00, NULL, NULL, NULL, '1', 'Loan Installment Payment', NULL, NULL),
(75869487007, '2022-10-19 00:00:00', 0.00, NULL, NULL, NULL, '1', 'Loan Installment Payment', NULL, NULL),
(75869487008, '2021-10-21 16:55:19', 3345.67, 'loan payment', 0000000031, NULL, '1', 'Loan Installment Payment', NULL, 0000000000000015),
(75869487009, '2022-10-30 05:49:24', 9705.17, 'loan payment', 0000000032, NULL, '1', 'Loan Installment Payment', NULL, 0000000000000016),
(75869487010, '2022-10-19 00:00:00', 0.00, NULL, NULL, NULL, '1', 'Loan Installment Payment', NULL, NULL),
(75869487011, '2021-07-25 00:00:00', 0.00, NULL, NULL, NULL, '1', 'Loan Installment Payment', NULL, NULL),
(75869487012, '2021-02-28 06:29:54', 2280.47, 'loan payment', 0000000037, NULL, '1', 'Loan Installment Payment', NULL, 0000000000000019),
(75869487013, '2020-09-06 15:48:48', 4302.39, 'loan payment', 0000000038, NULL, '1', 'Loan Installment Payment', NULL, 0000000000000020),
(75869487014, '2022-07-06 00:53:29', 2763.33, 'loan payment', 0000000039, NULL, '1', 'Loan Installment Payment', NULL, 0000000000000021),
(75869487015, '2023-03-02 18:51:36', 2067.61, 'loan payment', 0000000040, NULL, '1', 'Loan Installment Payment', NULL, 0000000000000022),
(75869487016, '2022-11-13 23:26:13', 9670.58, 'loan payment', 0000000041, NULL, '1', 'Loan Installment Payment', NULL, 0000000000000023),
(75869487017, '2022-05-06 00:00:00', 0.00, NULL, NULL, NULL, '1', 'Loan Installment Payment', NULL, NULL),
(75869487018, '2022-08-14 00:00:00', 0.00, NULL, NULL, NULL, '1', 'Loan Installment Payment', NULL, NULL),
(75869487019, '2020-06-24 00:00:00', 0.00, NULL, NULL, NULL, '1', 'Loan Installment Payment', NULL, NULL),
(75869487020, '2022-09-19 13:53:50', 4472.61, 'loan payment', 0000000045, NULL, '1', 'Loan Installment Payment', NULL, 0000000000000024),
(75869487021, '2022-08-29 13:52:02', 2711.42, 'loan payment', 0000000046, NULL, '1', 'Loan Installment Payment', NULL, 0000000000000025),
(75869487022, '2022-09-06 23:37:11', 3346.28, 'loan payment', 0000000047, NULL, '1', 'Loan Installment Payment', NULL, 0000000000000026),
(75869487023, '2020-11-01 23:23:58', 1229.36, 'loan payment', 0000000050, NULL, '1', 'Loan Installment Payment', NULL, 0000000000000028),
(75869487024, '2023-05-16 10:42:04', 1240.17, 'loan payment', 0000000052, NULL, '1', 'Loan Installment Payment', NULL, 0000000000000030),
(75869487025, '2021-07-20 14:39:31', 8746.83, 'loan payment', 0000000053, NULL, '1', 'Loan Installment Payment', NULL, 0000000000000031),
(75869487026, '2021-11-26 00:00:00', 0.00, NULL, NULL, NULL, '1', 'Loan Installment Payment', NULL, NULL),
(75869487027, '2020-10-17 08:30:57', 3062.69, 'loan payment', 0000000055, NULL, '1', 'Loan Installment Payment', NULL, 0000000000000032),
(75869487028, '2022-05-25 18:51:17', 3298.81, 'loan payment', 0000000056, NULL, '1', 'Loan Installment Payment', NULL, 0000000000000033),
(75869487029, '2023-03-02 04:55:39', 3108.44, 'loan payment', 0000000057, NULL, '1', 'Loan Installment Payment', NULL, 0000000000000034),
(75869487030, '2023-05-19 18:09:29', 2200.03, 'loan payment', 0000000058, NULL, '1', 'Loan Installment Payment', NULL, 0000000000000035),
(75869487031, '2023-05-04 09:24:38', 3112.67, 'loan payment', 0000000059, NULL, '1', 'Loan Installment Payment', NULL, 0000000000000036),
(75869487032, '2021-12-20 00:00:00', 0.00, NULL, NULL, NULL, '1', 'Loan Installment Payment', NULL, NULL),
(75869487033, '2023-02-06 16:01:36', 5726.44, 'loan payment', 0000000062, NULL, '1', 'Loan Installment Payment', NULL, 0000000000000038),
(75869487034, '2022-04-27 00:54:32', 3828.50, 'loan payment', 0000000063, NULL, '1', 'Loan Installment Payment', NULL, 0000000000000039),
(75869487035, '2023-03-20 11:45:37', 1731.19, 'loan payment', 0000000064, NULL, '1', 'Loan Installment Payment', NULL, 0000000000000040),
(75869487036, '2021-05-23 01:51:32', 6202.83, 'loan payment', 0000000065, NULL, '1', 'Loan Installment Payment', NULL, 0000000000000041),
(75869487037, '2020-07-02 15:43:47', 2353.39, 'loan payment', 0000000066, NULL, '1', 'Loan Installment Payment', NULL, 0000000000000042),
(75869487038, '2023-03-06 18:02:01', 7553.50, 'loan payment', 0000000068, NULL, '1', 'Loan Installment Payment', NULL, 0000000000000044),
(75869487039, '2022-09-13 21:58:23', 611.75, 'loan payment', 0000000069, NULL, '1', 'Loan Installment Payment', NULL, 0000000000000045),
(75869487040, '2023-04-25 00:00:00', 0.00, NULL, NULL, NULL, '1', 'Loan Installment Payment', NULL, NULL),
(75869487041, '2022-01-28 20:42:47', 6063.56, 'loan payment', 0000000072, NULL, '1', 'Loan Installment Payment', NULL, 0000000000000047),
(75869487042, '2023-01-24 08:01:51', 1519.28, 'loan payment', 0000000076, NULL, '1', 'Loan Installment Payment', NULL, 0000000000000049),
(75869487043, '2023-05-18 00:00:00', 0.00, NULL, NULL, NULL, '1', 'Loan Installment Payment', NULL, NULL),
(75869487044, '2022-06-03 02:55:09', 1645.50, 'loan payment', 0000000078, NULL, '1', 'Loan Installment Payment', NULL, 0000000000000050),
(75869487045, '2022-11-16 08:51:50', 3485.08, 'loan payment', 0000000079, NULL, '1', 'Loan Installment Payment', NULL, 0000000000000051),
(75869487046, '2023-02-11 19:49:17', 5488.75, 'loan payment', 0000000080, NULL, '1', 'Loan Installment Payment', NULL, 0000000000000052),
(75869487047, '2023-01-30 14:07:18', 1927.14, 'loan payment', 0000000081, NULL, '1', 'Loan Installment Payment', NULL, 0000000000000053),
(75869487048, '2022-08-15 19:22:46', 2206.33, 'loan payment', 0000000082, NULL, '1', 'Loan Installment Payment', NULL, 0000000000000054),
(75869487049, '2023-03-12 09:44:08', 9943.50, 'loan payment', 0000000084, NULL, '1', 'Loan Installment Payment', NULL, 0000000000000055),
(75869487050, '2022-03-02 22:52:08', 565.89, 'loan payment', 0000000085, NULL, '1', 'Loan Installment Payment', NULL, 0000000000000056),
(75869487051, '2021-01-29 00:00:00', 0.00, NULL, NULL, NULL, '1', 'Loan Installment Payment', NULL, NULL),
(75869487052, '2022-11-19 19:44:53', 2582.22, 'loan payment', 0000000088, NULL, '1', 'Loan Installment Payment', NULL, 0000000000000057),
(75869487053, '2022-11-14 00:00:00', 0.00, NULL, NULL, NULL, '1', 'Loan Installment Payment', NULL, NULL),
(75869487054, '2022-08-24 20:12:09', 6298.44, 'loan payment', 0000000090, NULL, '1', 'Loan Installment Payment', NULL, 0000000000000058),
(75869487055, '2022-12-25 00:20:30', 6320.17, 'loan payment', 0000000091, NULL, '1', 'Loan Installment Payment', NULL, 0000000000000059),
(75869487056, '2023-05-05 00:00:00', 0.00, NULL, NULL, NULL, '1', 'Loan Installment Payment', NULL, NULL),
(75869487057, '2022-04-13 00:00:00', 0.00, NULL, NULL, NULL, '1', 'Loan Installment Payment', NULL, NULL),
(75869487058, '2023-04-13 15:08:48', 2209.94, 'loan payment', 0000000094, NULL, '1', 'Loan Installment Payment', NULL, 0000000000000060),
(75869487059, '2023-05-16 13:09:44', 1032.46, 'loan payment', 0000000096, NULL, '1', 'Loan Installment Payment', NULL, 0000000000000062),
(75869487060, '2023-05-27 00:00:00', 0.00, NULL, NULL, NULL, '1', 'Loan Installment Payment', NULL, NULL),
(75869487061, '2023-01-18 17:39:41', 1837.73, 'loan payment', 0000000101, NULL, '1', 'Loan Installment Payment', NULL, 0000000000000066),
(75869487062, '2021-04-06 00:00:00', 0.00, NULL, NULL, NULL, '1', 'Loan Installment Payment', NULL, NULL),
(75869487063, '2023-05-08 16:33:18', 5785.89, 'loan payment', 0000000103, NULL, '1', 'Loan Installment Payment', NULL, 0000000000000067),
(75869487064, '2020-11-29 12:17:05', 2941.64, 'loan payment', 0000000104, NULL, '1', 'Loan Installment Payment', NULL, 0000000000000068),
(75869487065, '2022-07-10 02:07:31', 2678.39, 'loan payment', 0000000106, NULL, '1', 'Loan Installment Payment', NULL, 0000000000000069),
(75869487066, '2021-09-06 00:00:00', 0.00, NULL, NULL, NULL, '1', 'Loan Installment Payment', NULL, NULL),
(75869487067, '2022-09-09 16:28:50', 4323.67, 'loan payment', 0000000109, NULL, '1', 'Loan Installment Payment', NULL, 0000000000000070),
(75869487068, '2023-05-14 00:00:00', 0.00, NULL, NULL, NULL, '1', 'Loan Installment Payment', NULL, NULL),
(75869487069, '2021-11-21 05:39:51', 2931.67, 'loan payment', 0000000112, NULL, '1', 'Loan Installment Payment', NULL, 0000000000000071),
(75869487070, '2022-01-17 00:00:00', 0.00, NULL, NULL, NULL, '1', 'Loan Installment Payment', NULL, NULL),
(75869487071, '2023-04-21 00:00:00', 0.00, NULL, NULL, NULL, '1', 'Loan Installment Payment', NULL, NULL),
(75869487072, '2023-05-02 05:47:11', 995.06, 'loan payment', 0000000118, NULL, '1', 'Loan Installment Payment', NULL, 0000000000000074),
(75869487073, '2022-07-17 11:26:35', 2154.47, 'loan payment', 0000000120, NULL, '1', 'Loan Installment Payment', NULL, 0000000000000076),
(75869487074, '2022-11-18 09:05:56', 723.50, 'loan payment', 0000000121, NULL, '1', 'Loan Installment Payment', NULL, 0000000000000077),
(75869487075, '2022-05-11 00:00:00', 0.00, NULL, NULL, NULL, '1', 'Loan Installment Payment', NULL, NULL),
(75869487076, '2022-06-19 00:00:00', 0.00, NULL, NULL, NULL, '1', 'Loan Installment Payment', NULL, NULL),
(75869487077, '2021-07-04 15:44:13', 5091.33, 'loan payment', 0000000125, NULL, '1', 'Loan Installment Payment', NULL, 0000000000000079),
(75869487078, '2021-04-02 14:10:19', 4668.00, 'loan payment', 0000000126, NULL, '1', 'Loan Installment Payment', NULL, 0000000000000080),
(75869487079, '2022-12-03 00:46:57', 4537.83, 'loan payment', 0000000128, NULL, '1', 'Loan Installment Payment', NULL, 0000000000000082),
(75869487080, '2021-11-04 19:47:03', 1400.06, 'loan payment', 0000000129, NULL, '1', 'Loan Installment Payment', NULL, 0000000000000083),
(75869487081, '2023-01-21 15:24:36', 1649.19, 'loan payment', 0000000131, NULL, '1', 'Loan Installment Payment', NULL, 0000000000000084),
(75869487082, '2022-12-21 08:34:16', 6996.75, 'loan payment', 0000000133, NULL, '1', 'Loan Installment Payment', NULL, 0000000000000086),
(75869487083, '2023-01-08 20:52:35', 2639.86, 'loan payment', 0000000134, NULL, '1', 'Loan Installment Payment', NULL, 0000000000000087),
(75869487084, '2023-05-28 04:41:10', 2854.67, 'loan payment', 0000000135, NULL, '1', 'Loan Installment Payment', NULL, 0000000000000088),
(75869487085, '2023-05-23 21:47:18', 6433.28, 'loan payment', 0000000136, NULL, '1', 'Loan Installment Payment', NULL, 0000000000000089),
(75869487086, '2023-04-04 21:44:15', 6247.50, 'loan payment', 0000000137, NULL, '1', 'Loan Installment Payment', NULL, 0000000000000090),
(75869487087, '2023-05-16 05:51:13', 2065.03, 'loan payment', 0000000139, NULL, '1', 'Loan Installment Payment', NULL, 0000000000000092),
(75869487088, '2021-07-13 00:00:00', 0.00, NULL, NULL, NULL, '1', 'Loan Installment Payment', NULL, NULL),
(75869487089, '2023-05-18 19:22:16', 5846.50, 'loan payment', 0000000142, NULL, '1', 'Loan Installment Payment', NULL, 0000000000000093),
(75869487090, '2022-12-07 00:00:00', 0.00, NULL, NULL, NULL, '1', 'Loan Installment Payment', NULL, NULL),
(75869487091, '2022-11-11 20:30:34', 2056.81, 'loan payment', 0000000144, NULL, '1', 'Loan Installment Payment', NULL, 0000000000000094),
(75869487092, '2023-03-01 12:52:28', 5884.50, 'loan payment', 0000000145, NULL, '1', 'Loan Installment Payment', NULL, 0000000000000095),
(75869487110, '2023-05-27 04:45:47', 3008.11, 'loan payment', 0000000001, NULL, '1', 'Loan Installment Payment', NULL, 0000000000000001),
(75869487111, '2023-05-28 04:24:29', 2967.56, 'loan payment', 0000000002, NULL, '1', 'Loan Installment Payment', NULL, 0000000000000002),
(75869487112, '2023-05-27 00:00:00', 0.00, NULL, NULL, NULL, '1', 'Loan Installment Payment', NULL, NULL),
(75869487113, '2023-05-27 00:00:00', 0.00, NULL, NULL, NULL, '1', 'Loan Installment Payment', NULL, NULL),
(75869487114, '2023-05-28 03:26:55', 9420.92, 'loan payment', 0000000008, NULL, '1', 'Loan Installment Payment', NULL, 0000000000000005),
(75869487115, '2023-05-28 18:20:57', 4015.75, 'loan payment', 0000000009, NULL, '1', 'Loan Installment Payment', NULL, 0000000000000006),
(75869487116, '2023-05-27 00:00:00', 0.00, NULL, NULL, NULL, '1', 'Loan Installment Payment', NULL, NULL),
(75869487117, '2023-05-28 00:00:00', 0.00, NULL, NULL, NULL, '1', 'Loan Installment Payment', NULL, NULL),
(75869487118, '2023-05-27 00:00:00', 0.00, NULL, NULL, NULL, '1', 'Loan Installment Payment', NULL, NULL),
(75869487119, '2023-05-28 00:00:00', 0.00, NULL, NULL, NULL, '1', 'Loan Installment Payment', NULL, NULL),
(75869487120, '2023-05-27 00:00:00', 0.00, NULL, NULL, NULL, '1', 'Loan Installment Payment', NULL, NULL),
(75869487121, '2019-10-20 00:00:00', 0.00, NULL, NULL, NULL, '1', 'Loan Installment Payment', NULL, NULL),
(75869487122, '2023-05-28 02:30:28', 1180.14, 'loan payment', 0000000019, NULL, '1', 'Loan Installment Payment', NULL, 0000000000000010),
(75869487123, '2023-05-28 00:00:00', 0.00, NULL, NULL, NULL, '1', 'Loan Installment Payment', NULL, NULL),
(75869487124, '2021-05-13 15:44:44', 3527.78, 'loan payment', 0000000021, NULL, '1', 'Loan Installment Payment', NULL, 0000000000000011),
(75869487125, '2022-11-13 00:00:00', 0.00, NULL, NULL, NULL, '1', 'Loan Installment Payment', NULL, NULL),
(75869487126, '2022-07-21 00:00:00', 0.00, NULL, NULL, NULL, '1', 'Loan Installment Payment', NULL, NULL),
(75869487127, '2022-08-05 00:40:26', 6784.58, 'loan payment', 0000000024, NULL, '1', 'Loan Installment Payment', NULL, 0000000000000012),
(75869487128, '2023-03-04 00:00:00', 0.00, NULL, NULL, NULL, '1', 'Loan Installment Payment', NULL, NULL),
(75869487129, '2022-05-27 06:30:31', 1952.33, 'loan payment', 0000000026, NULL, '1', 'Loan Installment Payment', NULL, 0000000000000013),
(75869487130, '2021-03-13 00:00:00', 0.00, NULL, NULL, NULL, '1', 'Loan Installment Payment', NULL, NULL),
(75869487131, '2023-03-10 00:00:00', 0.00, NULL, NULL, NULL, '1', 'Loan Installment Payment', NULL, NULL),
(75869487132, '2022-06-15 00:00:00', 0.00, NULL, NULL, NULL, '1', 'Loan Installment Payment', NULL, NULL),
(75869487133, '2021-05-03 10:33:01', 3345.67, 'loan payment', 0000000031, NULL, '1', 'Loan Installment Payment', NULL, 0000000000000015),
(75869487134, '2022-08-25 15:16:28', 9705.17, 'loan payment', 0000000032, NULL, '1', 'Loan Installment Payment', NULL, 0000000000000016),
(75869487135, '2021-06-21 05:52:47', 5902.44, 'loan payment', 0000000033, NULL, '1', 'Loan Installment Payment', NULL, 0000000000000017),
(75869487136, '2022-12-23 00:00:00', 0.00, NULL, NULL, NULL, '1', 'Loan Installment Payment', NULL, NULL),
(75869487137, '2022-10-21 11:19:10', 4340.00, 'loan payment', 0000000035, NULL, '1', 'Loan Installment Payment', NULL, 0000000000000018),
(75869487138, '2021-08-06 00:00:00', 0.00, NULL, NULL, NULL, '1', 'Loan Installment Payment', NULL, NULL),
(75869487139, '2021-03-01 15:48:32', 2280.47, 'loan payment', 0000000037, NULL, '1', 'Loan Installment Payment', NULL, 0000000000000019),
(75869487140, '2022-07-02 16:04:21', 4302.39, 'loan payment', 0000000038, NULL, '1', 'Loan Installment Payment', NULL, 0000000000000020),
(75869487141, '2023-04-30 17:30:33', 2763.33, 'loan payment', 0000000039, NULL, '1', 'Loan Installment Payment', NULL, 0000000000000021),
(75869487142, '2023-03-16 20:53:52', 2067.61, 'loan payment', 0000000040, NULL, '1', 'Loan Installment Payment', NULL, 0000000000000022),
(75869487143, '2022-10-07 21:39:39', 9670.58, 'loan payment', 0000000041, NULL, '1', 'Loan Installment Payment', NULL, 0000000000000023),
(75869487144, '2021-12-18 00:00:00', 0.00, NULL, NULL, NULL, '1', 'Loan Installment Payment', NULL, NULL),
(75869487145, '2022-12-03 00:00:00', 0.00, NULL, NULL, NULL, '1', 'Loan Installment Payment', NULL, NULL),
(75869487146, '2022-03-27 00:00:00', 0.00, NULL, NULL, NULL, '1', 'Loan Installment Payment', NULL, NULL),
(75869487147, '2022-09-20 02:38:38', 4472.61, 'loan payment', 0000000045, NULL, '1', 'Loan Installment Payment', NULL, 0000000000000024),
(75869487148, '2022-07-01 19:00:17', 2711.42, 'loan payment', 0000000046, NULL, '1', 'Loan Installment Payment', NULL, 0000000000000025),
(75869487149, '2022-04-16 19:59:07', 3346.28, 'loan payment', 0000000047, NULL, '1', 'Loan Installment Payment', NULL, 0000000000000026),
(75869487150, '2023-05-27 00:00:00', 0.00, NULL, NULL, NULL, '1', 'Loan Installment Payment', NULL, NULL),
(75869487151, '2021-11-16 04:36:58', 6444.50, 'loan payment', 0000000049, NULL, '1', 'Loan Installment Payment', NULL, 0000000000000027),
(75869487152, '2023-01-24 08:45:27', 7061.25, 'loan payment', 0000000051, NULL, '1', 'Loan Installment Payment', NULL, 0000000000000029),
(75869487153, '2023-02-23 09:17:25', 1240.17, 'loan payment', 0000000052, NULL, '1', 'Loan Installment Payment', NULL, 0000000000000030),
(75869487154, '2022-01-29 18:59:42', 8746.83, 'loan payment', 0000000053, NULL, '1', 'Loan Installment Payment', NULL, 0000000000000031),
(75869487155, '2022-09-17 00:00:00', 0.00, NULL, NULL, NULL, '1', 'Loan Installment Payment', NULL, NULL),
(75869487156, '2022-08-02 09:28:48', 3062.69, 'loan payment', 0000000055, NULL, '1', 'Loan Installment Payment', NULL, 0000000000000032),
(75869487157, '2022-07-21 15:52:00', 3298.81, 'loan payment', 0000000056, NULL, '1', 'Loan Installment Payment', NULL, 0000000000000033),
(75869487158, '2021-06-18 19:03:19', 2200.03, 'loan payment', 0000000058, NULL, '1', 'Loan Installment Payment', NULL, 0000000000000035),
(75869487159, '2023-03-31 19:35:36', 3112.67, 'loan payment', 0000000059, NULL, '1', 'Loan Installment Payment', NULL, 0000000000000036),
(75869487160, '2021-02-23 00:00:00', 0.00, NULL, NULL, NULL, '1', 'Loan Installment Payment', NULL, NULL),
(75869487161, '2021-09-12 14:35:27', 5726.44, 'loan payment', 0000000062, NULL, '1', 'Loan Installment Payment', NULL, 0000000000000038),
(75869487162, '2023-02-02 15:18:24', 1731.19, 'loan payment', 0000000064, NULL, '1', 'Loan Installment Payment', NULL, 0000000000000040),
(75869487163, '2022-04-29 18:01:33', 6202.83, 'loan payment', 0000000065, NULL, '1', 'Loan Installment Payment', NULL, 0000000000000041),
(75869487164, '2021-09-22 14:59:23', 2353.39, 'loan payment', 0000000066, NULL, '1', 'Loan Installment Payment', NULL, 0000000000000042),
(75869487165, '2022-06-22 10:27:00', 611.75, 'loan payment', 0000000069, NULL, '1', 'Loan Installment Payment', NULL, 0000000000000045),
(75869487166, '2023-05-12 00:00:00', 0.00, NULL, NULL, NULL, '1', 'Loan Installment Payment', NULL, NULL),
(75869487167, '2020-06-22 10:01:55', 6063.56, 'loan payment', 0000000072, NULL, '1', 'Loan Installment Payment', NULL, 0000000000000047),
(75869487168, '2022-01-11 00:00:00', 0.00, NULL, NULL, NULL, '1', 'Loan Installment Payment', NULL, NULL),
(75869487169, '2021-05-02 00:00:00', 0.00, NULL, NULL, NULL, '1', 'Loan Installment Payment', NULL, NULL),
(75869487170, '2023-05-08 15:26:12', 6163.39, 'loan payment', 0000000075, NULL, '1', 'Loan Installment Payment', NULL, 0000000000000048),
(75869487171, '2023-01-17 19:12:32', 1519.28, 'loan payment', 0000000076, NULL, '1', 'Loan Installment Payment', NULL, 0000000000000049),
(75869487172, '2023-05-13 00:00:00', 0.00, NULL, NULL, NULL, '1', 'Loan Installment Payment', NULL, NULL),
(75869487173, '2023-02-04 10:23:16', 1645.50, 'loan payment', 0000000078, NULL, '1', 'Loan Installment Payment', NULL, 0000000000000050),
(75869487174, '2022-09-22 20:41:20', 5488.75, 'loan payment', 0000000080, NULL, '1', 'Loan Installment Payment', NULL, 0000000000000052),
(75869487175, '2022-05-30 23:15:59', 1927.14, 'loan payment', 0000000081, NULL, '1', 'Loan Installment Payment', NULL, 0000000000000053),
(75869487176, '2021-04-25 19:03:36', 2206.33, 'loan payment', 0000000082, NULL, '1', 'Loan Installment Payment', NULL, 0000000000000054),
(75869487177, '2022-05-27 04:12:06', 9943.50, 'loan payment', 0000000084, NULL, '1', 'Loan Installment Payment', NULL, 0000000000000055),
(75869487178, '2020-10-05 13:20:54', 565.89, 'loan payment', 0000000085, NULL, '1', 'Loan Installment Payment', NULL, 0000000000000056),
(75869487179, '2022-02-08 00:00:00', 0.00, NULL, NULL, NULL, '1', 'Loan Installment Payment', NULL, NULL),
(75869487180, '2021-04-09 00:00:00', 0.00, NULL, NULL, NULL, '1', 'Loan Installment Payment', NULL, NULL),
(75869487181, '2023-05-03 19:39:07', 2582.22, 'loan payment', 0000000088, NULL, '1', 'Loan Installment Payment', NULL, 0000000000000057),
(75869487182, '2022-10-11 19:50:10', 6298.44, 'loan payment', 0000000090, NULL, '1', 'Loan Installment Payment', NULL, 0000000000000058),
(75869487183, '2022-12-07 22:38:03', 6320.17, 'loan payment', 0000000091, NULL, '1', 'Loan Installment Payment', NULL, 0000000000000059),
(75869487184, '2023-03-22 00:00:00', 0.00, NULL, NULL, NULL, '1', 'Loan Installment Payment', NULL, NULL),
(75869487185, '2020-12-27 00:00:00', 0.00, NULL, NULL, NULL, '1', 'Loan Installment Payment', NULL, NULL),
(75869487186, '2023-01-05 02:47:06', 2523.22, 'loan payment', 0000000095, NULL, '1', 'Loan Installment Payment', NULL, 0000000000000061),
(75869487187, '2023-05-25 04:07:55', 1032.46, 'loan payment', 0000000096, NULL, '1', 'Loan Installment Payment', NULL, 0000000000000062),
(75869487188, '2023-05-09 04:03:47', 1166.92, 'loan payment', 0000000097, NULL, '1', 'Loan Installment Payment', NULL, 0000000000000063),
(75869487189, '2022-12-11 18:44:24', 4262.11, 'loan payment', 0000000099, NULL, '1', 'Loan Installment Payment', NULL, 0000000000000064),
(75869487190, '2022-12-21 14:09:02', 3601.00, 'loan payment', 0000000100, NULL, '1', 'Loan Installment Payment', NULL, 0000000000000065),
(75869487191, '2023-04-05 15:26:42', 1837.73, 'loan payment', 0000000101, NULL, '1', 'Loan Installment Payment', NULL, 0000000000000066),
(75869487192, '2022-05-20 00:00:00', 0.00, NULL, NULL, NULL, '1', 'Loan Installment Payment', NULL, NULL),
(75869487193, '2023-03-28 12:48:48', 5785.89, 'loan payment', 0000000103, NULL, '1', 'Loan Installment Payment', NULL, 0000000000000067),
(75869487194, '2022-02-08 01:57:20', 2941.64, 'loan payment', 0000000104, NULL, '1', 'Loan Installment Payment', NULL, 0000000000000068),
(75869487195, '2023-01-05 00:00:00', 0.00, NULL, NULL, NULL, '1', 'Loan Installment Payment', NULL, NULL),
(75869487196, '2022-12-08 00:00:00', 0.00, NULL, NULL, NULL, '1', 'Loan Installment Payment', NULL, NULL),
(75869487197, '2022-07-12 14:46:42', 2931.67, 'loan payment', 0000000112, NULL, '1', 'Loan Installment Payment', NULL, 0000000000000071),
(75869487198, '2023-03-23 23:26:14', 3908.33, 'loan payment', 0000000113, NULL, '1', 'Loan Installment Payment', NULL, 0000000000000072),
(75869487199, '2022-08-18 00:00:00', 0.00, NULL, NULL, NULL, '1', 'Loan Installment Payment', NULL, NULL),
(75869487200, '2023-02-22 20:25:55', 2054.33, 'loan payment', 0000000115, NULL, '1', 'Loan Installment Payment', NULL, 0000000000000073),
(75869487201, '2023-03-04 00:00:00', 0.00, NULL, NULL, NULL, '1', 'Loan Installment Payment', NULL, NULL),
(75869487202, '2022-01-28 00:00:00', 0.00, NULL, NULL, NULL, '1', 'Loan Installment Payment', NULL, NULL),
(75869487203, '2023-05-22 21:03:15', 995.06, 'loan payment', 0000000118, NULL, '1', 'Loan Installment Payment', NULL, 0000000000000074),
(75869487204, '2023-04-27 04:25:23', 2394.00, 'loan payment', 0000000119, NULL, '1', 'Loan Installment Payment', NULL, 0000000000000075),
(75869487205, '2023-02-16 08:30:28', 2154.47, 'loan payment', 0000000120, NULL, '1', 'Loan Installment Payment', NULL, 0000000000000076),
(75869487206, '2022-03-08 21:01:24', 723.50, 'loan payment', 0000000121, NULL, '1', 'Loan Installment Payment', NULL, 0000000000000077),
(75869487207, '2021-11-20 16:50:17', 2253.67, 'loan payment', 0000000122, NULL, '1', 'Loan Installment Payment', NULL, 0000000000000078),
(75869487208, '2023-03-05 00:00:00', 0.00, NULL, NULL, NULL, '1', 'Loan Installment Payment', NULL, NULL),
(75869487209, '2022-05-06 21:21:36', 5091.33, 'loan payment', 0000000125, NULL, '1', 'Loan Installment Payment', NULL, 0000000000000079),
(75869487210, '2022-03-20 10:37:21', 4668.00, 'loan payment', 0000000126, NULL, '1', 'Loan Installment Payment', NULL, 0000000000000080),
(75869487211, '2022-08-08 17:00:19', 5104.28, 'loan payment', 0000000127, NULL, '1', 'Loan Installment Payment', NULL, 0000000000000081),
(75869487212, '2022-03-24 17:04:47', 4537.83, 'loan payment', 0000000128, NULL, '1', 'Loan Installment Payment', NULL, 0000000000000082),
(75869487213, '2022-12-09 19:52:28', 1400.06, 'loan payment', 0000000129, NULL, '1', 'Loan Installment Payment', NULL, 0000000000000083),
(75869487214, '2023-02-24 08:46:36', 1649.19, 'loan payment', 0000000131, NULL, '1', 'Loan Installment Payment', NULL, 0000000000000084),
(75869487215, '2023-02-22 10:07:43', 5772.67, 'loan payment', 0000000132, NULL, '1', 'Loan Installment Payment', NULL, 0000000000000085),
(75869487216, '2021-10-16 20:07:08', 6996.75, 'loan payment', 0000000133, NULL, '1', 'Loan Installment Payment', NULL, 0000000000000086),
(75869487217, '2022-08-16 21:27:05', 2639.86, 'loan payment', 0000000134, NULL, '1', 'Loan Installment Payment', NULL, 0000000000000087),
(75869487218, '2022-04-15 06:52:04', 2854.67, 'loan payment', 0000000135, NULL, '1', 'Loan Installment Payment', NULL, 0000000000000088),
(75869487219, '2023-04-19 04:12:24', 6247.50, 'loan payment', 0000000137, NULL, '1', 'Loan Installment Payment', NULL, 0000000000000090),
(75869487220, '2023-03-05 00:00:00', 0.00, NULL, NULL, NULL, '1', 'Loan Installment Payment', NULL, NULL),
(75869487221, '2021-12-27 00:00:00', 0.00, NULL, NULL, NULL, '1', 'Loan Installment Payment', NULL, NULL),
(75869487222, '2022-11-02 03:36:02', 5846.50, 'loan payment', 0000000142, NULL, '1', 'Loan Installment Payment', NULL, 0000000000000093),
(75869487223, '2022-01-29 00:00:00', 0.00, NULL, NULL, NULL, '1', 'Loan Installment Payment', NULL, NULL),
(75869487224, '2023-04-10 08:18:48', 2056.81, 'loan payment', 0000000144, NULL, '1', 'Loan Installment Payment', NULL, 0000000000000094),
(75869487225, '2022-05-21 16:25:53', 5884.50, 'loan payment', 0000000145, NULL, '1', 'Loan Installment Payment', NULL, 0000000000000095),
(75869487237, '2023-05-27 20:17:59', 3008.11, 'loan payment', 0000000001, NULL, '1', 'Loan Installment Payment', NULL, 0000000000000001),
(75869487238, '2023-05-28 00:13:05', 2967.56, 'loan payment', 0000000002, NULL, '1', 'Loan Installment Payment', NULL, 0000000000000002),
(75869487239, '2023-05-27 16:00:06', 5096.94, 'loan payment', 0000000003, NULL, '1', 'Loan Installment Payment', NULL, 0000000000000003),
(75869487240, '2023-05-27 15:28:33', 3055.33, 'loan payment', 0000000004, NULL, '1', 'Loan Installment Payment', NULL, 0000000000000004),
(75869487241, '2023-05-27 00:00:00', 0.00, NULL, NULL, NULL, '1', 'Loan Installment Payment', NULL, NULL),
(75869487242, '2023-05-28 00:00:00', 0.00, NULL, NULL, NULL, '1', 'Loan Installment Payment', NULL, NULL),
(75869487243, '2023-05-28 03:42:27', 9420.92, 'loan payment', 0000000008, NULL, '1', 'Loan Installment Payment', NULL, 0000000000000005),
(75869487244, '2023-05-27 19:30:37', 4015.75, 'loan payment', 0000000009, NULL, '1', 'Loan Installment Payment', NULL, 0000000000000006),
(75869487245, '2023-05-27 00:00:00', 0.00, NULL, NULL, NULL, '1', 'Loan Installment Payment', NULL, NULL),
(75869487246, '2023-05-28 12:31:01', 6071.89, 'loan payment', 0000000013, NULL, '1', 'Loan Installment Payment', NULL, 0000000000000008),
(75869487247, '2023-05-27 00:00:00', 0.00, NULL, NULL, NULL, '1', 'Loan Installment Payment', NULL, NULL),
(75869487248, '2023-05-27 00:00:00', 0.00, NULL, NULL, NULL, '1', 'Loan Installment Payment', NULL, NULL),
(75869487249, '2018-10-29 00:00:00', 0.00, NULL, NULL, NULL, '1', 'Loan Installment Payment', NULL, NULL),
(75869487250, '2023-05-28 02:47:50', 4343.94, 'loan payment', 0000000018, NULL, '1', 'Loan Installment Payment', NULL, 0000000000000009),
(75869487251, '2023-05-28 04:51:37', 1180.14, 'loan payment', 0000000019, NULL, '1', 'Loan Installment Payment', NULL, 0000000000000010),
(75869487252, '2023-05-28 00:00:00', 0.00, NULL, NULL, NULL, '1', 'Loan Installment Payment', NULL, NULL),
(75869487253, '2022-09-08 05:12:51', 3527.78, 'loan payment', 0000000021, NULL, '1', 'Loan Installment Payment', NULL, 0000000000000011),
(75869487254, '2022-09-30 00:00:00', 0.00, NULL, NULL, NULL, '1', 'Loan Installment Payment', NULL, NULL),
(75869487255, '2023-02-12 08:05:52', 6784.58, 'loan payment', 0000000024, NULL, '1', 'Loan Installment Payment', NULL, 0000000000000012),
(75869487256, '2023-04-02 00:00:00', 0.00, NULL, NULL, NULL, '1', 'Loan Installment Payment', NULL, NULL),
(75869487257, '2023-05-27 05:45:52', 1952.33, 'loan payment', 0000000026, NULL, '1', 'Loan Installment Payment', NULL, 0000000000000013),
(75869487258, '2023-03-20 10:29:04', 2449.83, 'loan payment', 0000000027, NULL, '1', 'Loan Installment Payment', NULL, 0000000000000014),
(75869487259, '2022-02-16 00:00:00', 0.00, NULL, NULL, NULL, '1', 'Loan Installment Payment', NULL, NULL),
(75869487260, '2023-03-15 00:00:00', 0.00, NULL, NULL, NULL, '1', 'Loan Installment Payment', NULL, NULL),
(75869487261, '2021-08-15 00:00:00', 0.00, NULL, NULL, NULL, '1', 'Loan Installment Payment', NULL, NULL),
(75869487262, '2021-03-16 01:59:13', 3345.67, 'loan payment', 0000000031, NULL, '1', 'Loan Installment Payment', NULL, 0000000000000015),
(75869487263, '2022-12-26 08:30:26', 9705.17, 'loan payment', 0000000032, NULL, '1', 'Loan Installment Payment', NULL, 0000000000000016),
(75869487264, '2022-02-09 00:49:59', 5902.44, 'loan payment', 0000000033, NULL, '1', 'Loan Installment Payment', NULL, 0000000000000017),
(75869487265, '2023-03-08 00:00:00', 0.00, NULL, NULL, NULL, '1', 'Loan Installment Payment', NULL, NULL),
(75869487266, '2021-06-02 19:03:56', 4340.00, 'loan payment', 0000000035, NULL, '1', 'Loan Installment Payment', NULL, 0000000000000018),
(75869487267, '2021-08-03 00:00:00', 0.00, NULL, NULL, NULL, '1', 'Loan Installment Payment', NULL, NULL),
(75869487268, '2021-07-16 11:32:58', 2280.47, 'loan payment', 0000000037, NULL, '1', 'Loan Installment Payment', NULL, 0000000000000019),
(75869487269, '2020-09-14 16:06:31', 4302.39, 'loan payment', 0000000038, NULL, '1', 'Loan Installment Payment', NULL, 0000000000000020),
(75869487270, '2023-02-14 02:18:15', 2067.61, 'loan payment', 0000000040, NULL, '1', 'Loan Installment Payment', NULL, 0000000000000022),
(75869487271, '2022-09-05 13:59:37', 9670.58, 'loan payment', 0000000041, NULL, '1', 'Loan Installment Payment', NULL, 0000000000000023),
(75869487272, '2021-11-06 00:00:00', 0.00, NULL, NULL, NULL, '1', 'Loan Installment Payment', NULL, NULL),
(75869487273, '2020-10-01 00:00:00', 0.00, NULL, NULL, NULL, '1', 'Loan Installment Payment', NULL, NULL),
(75869487274, '2022-06-30 05:25:18', 2711.42, 'loan payment', 0000000046, NULL, '1', 'Loan Installment Payment', NULL, 0000000000000025),
(75869487275, '2022-08-20 05:04:06', 3346.28, 'loan payment', 0000000047, NULL, '1', 'Loan Installment Payment', NULL, 0000000000000026),
(75869487276, '2022-02-26 00:00:00', 0.00, NULL, NULL, NULL, '1', 'Loan Installment Payment', NULL, NULL),
(75869487277, '2023-02-14 10:53:47', 6444.50, 'loan payment', 0000000049, NULL, '1', 'Loan Installment Payment', NULL, 0000000000000027),
(75869487278, '2021-03-19 16:11:08', 1229.36, 'loan payment', 0000000050, NULL, '1', 'Loan Installment Payment', NULL, 0000000000000028),
(75869487279, '2022-05-05 05:23:40', 8746.83, 'loan payment', 0000000053, NULL, '1', 'Loan Installment Payment', NULL, 0000000000000031),
(75869487280, '2022-06-27 00:00:00', 0.00, NULL, NULL, NULL, '1', 'Loan Installment Payment', NULL, NULL),
(75869487281, '2020-07-30 05:02:19', 3062.69, 'loan payment', 0000000055, NULL, '1', 'Loan Installment Payment', NULL, 0000000000000032),
(75869487282, '2022-03-03 01:09:55', 3298.81, 'loan payment', 0000000056, NULL, '1', 'Loan Installment Payment', NULL, 0000000000000033),
(75869487283, '2022-07-27 12:00:46', 2200.03, 'loan payment', 0000000058, NULL, '1', 'Loan Installment Payment', NULL, 0000000000000035),
(75869487284, '2021-06-14 00:00:00', 0.00, NULL, NULL, NULL, '1', 'Loan Installment Payment', NULL, NULL),
(75869487285, '2023-05-26 00:12:02', 1029.50, 'loan payment', 0000000061, NULL, '1', 'Loan Installment Payment', NULL, 0000000000000037),
(75869487286, '2021-08-10 22:25:33', 3828.50, 'loan payment', 0000000063, NULL, '1', 'Loan Installment Payment', NULL, 0000000000000039),
(75869487287, '2023-05-17 11:44:39', 2802.39, 'loan payment', 0000000067, NULL, '1', 'Loan Installment Payment', NULL, 0000000000000043),
(75869487288, '2022-09-24 01:31:29', 7553.50, 'loan payment', 0000000068, NULL, '1', 'Loan Installment Payment', NULL, 0000000000000044),
(75869487289, '2022-04-23 10:19:55', 611.75, 'loan payment', 0000000069, NULL, '1', 'Loan Installment Payment', NULL, 0000000000000045),
(75869487290, '2023-03-22 00:00:00', 0.00, NULL, NULL, NULL, '1', 'Loan Installment Payment', NULL, NULL);
INSERT INTO `transaction` (`transaction_id`, `transaction_date`, `transaction_amount`, `transaction_detail`, `account_transferor`, `account_receiver`, `err_code`, `trans_type`, `bill_id`, `loan_id`) VALUES
(75869487291, '2022-07-11 00:28:06', 5824.50, 'loan payment', 0000000071, NULL, '1', 'Loan Installment Payment', NULL, 0000000000000046),
(75869487292, '2021-12-19 07:13:55', 6063.56, 'loan payment', 0000000072, NULL, '1', 'Loan Installment Payment', NULL, 0000000000000047),
(75869487293, '2022-11-05 00:00:00', 0.00, NULL, NULL, NULL, '1', 'Loan Installment Payment', NULL, NULL),
(75869487294, '2022-02-28 00:00:00', 0.00, NULL, NULL, NULL, '1', 'Loan Installment Payment', NULL, NULL),
(75869487295, '2023-04-29 13:31:20', 6163.39, 'loan payment', 0000000075, NULL, '1', 'Loan Installment Payment', NULL, 0000000000000048),
(75869487296, '2022-08-20 02:20:52', 1519.28, 'loan payment', 0000000076, NULL, '1', 'Loan Installment Payment', NULL, 0000000000000049),
(75869487297, '2023-05-12 00:00:00', 0.00, NULL, NULL, NULL, '1', 'Loan Installment Payment', NULL, NULL),
(75869487298, '2022-12-28 15:11:26', 5488.75, 'loan payment', 0000000080, NULL, '1', 'Loan Installment Payment', NULL, 0000000000000052),
(75869487299, '2022-06-06 23:34:20', 1927.14, 'loan payment', 0000000081, NULL, '1', 'Loan Installment Payment', NULL, 0000000000000053),
(75869487300, '2022-02-01 13:24:28', 9943.50, 'loan payment', 0000000084, NULL, '1', 'Loan Installment Payment', NULL, 0000000000000055),
(75869487301, '2022-04-21 17:20:47', 565.89, 'loan payment', 0000000085, NULL, '1', 'Loan Installment Payment', NULL, 0000000000000056),
(75869487302, '2022-05-19 00:00:00', 0.00, NULL, NULL, NULL, '1', 'Loan Installment Payment', NULL, NULL),
(75869487303, '2022-07-07 22:12:04', 2582.22, 'loan payment', 0000000088, NULL, '1', 'Loan Installment Payment', NULL, 0000000000000057),
(75869487304, '2023-05-19 14:34:23', 6298.44, 'loan payment', 0000000090, NULL, '1', 'Loan Installment Payment', NULL, 0000000000000058),
(75869487305, '2022-04-28 18:32:26', 6320.17, 'loan payment', 0000000091, NULL, '1', 'Loan Installment Payment', NULL, 0000000000000059),
(75869487306, '2022-08-01 00:00:00', 0.00, NULL, NULL, NULL, '1', 'Loan Installment Payment', NULL, NULL),
(75869487307, '2023-03-27 15:40:15', 2209.94, 'loan payment', 0000000094, NULL, '1', 'Loan Installment Payment', NULL, 0000000000000060),
(75869487308, '2022-01-16 03:51:12', 2523.22, 'loan payment', 0000000095, NULL, '1', 'Loan Installment Payment', NULL, 0000000000000061),
(75869487309, '2023-05-21 12:21:31', 1032.46, 'loan payment', 0000000096, NULL, '1', 'Loan Installment Payment', NULL, 0000000000000062),
(75869487310, '2023-05-05 02:50:11', 1166.92, 'loan payment', 0000000097, NULL, '1', 'Loan Installment Payment', NULL, 0000000000000063),
(75869487311, '2023-05-10 23:46:03', 4262.11, 'loan payment', 0000000099, NULL, '1', 'Loan Installment Payment', NULL, 0000000000000064),
(75869487312, '2021-12-22 13:36:49', 3601.00, 'loan payment', 0000000100, NULL, '1', 'Loan Installment Payment', NULL, 0000000000000065),
(75869487313, '2021-10-05 00:00:00', 0.00, NULL, NULL, NULL, '1', 'Loan Installment Payment', NULL, NULL),
(75869487314, '2023-04-16 09:36:41', 5785.89, 'loan payment', 0000000103, NULL, '1', 'Loan Installment Payment', NULL, 0000000000000067),
(75869487315, '2022-07-29 00:00:00', 0.00, NULL, NULL, NULL, '1', 'Loan Installment Payment', NULL, NULL),
(75869487316, '2020-09-26 00:00:00', 0.00, NULL, NULL, NULL, '1', 'Loan Installment Payment', NULL, NULL),
(75869487317, '2021-12-16 13:41:20', 2931.67, 'loan payment', 0000000112, NULL, '1', 'Loan Installment Payment', NULL, 0000000000000071),
(75869487318, '2021-09-03 00:00:00', 0.00, NULL, NULL, NULL, '1', 'Loan Installment Payment', NULL, NULL),
(75869487319, '2023-04-06 13:41:40', 2054.33, 'loan payment', 0000000115, NULL, '1', 'Loan Installment Payment', NULL, 0000000000000073),
(75869487320, '2020-04-15 00:00:00', 0.00, NULL, NULL, NULL, '1', 'Loan Installment Payment', NULL, NULL),
(75869487321, '2023-04-20 23:05:47', 995.06, 'loan payment', 0000000118, NULL, '1', 'Loan Installment Payment', NULL, 0000000000000074),
(75869487322, '2022-09-09 14:47:11', 2394.00, 'loan payment', 0000000119, NULL, '1', 'Loan Installment Payment', NULL, 0000000000000075),
(75869487323, '2022-10-10 13:00:01', 2154.47, 'loan payment', 0000000120, NULL, '1', 'Loan Installment Payment', NULL, 0000000000000076),
(75869487324, '2022-05-18 03:25:34', 723.50, 'loan payment', 0000000121, NULL, '1', 'Loan Installment Payment', NULL, 0000000000000077),
(75869487325, '2022-05-26 02:55:07', 2253.67, 'loan payment', 0000000122, NULL, '1', 'Loan Installment Payment', NULL, 0000000000000078),
(75869487326, '2021-03-13 00:00:00', 0.00, NULL, NULL, NULL, '1', 'Loan Installment Payment', NULL, NULL),
(75869487327, '2023-04-09 00:00:00', 0.00, NULL, NULL, NULL, '1', 'Loan Installment Payment', NULL, NULL),
(75869487328, '2021-01-17 16:22:50', 5091.33, 'loan payment', 0000000125, NULL, '1', 'Loan Installment Payment', NULL, 0000000000000079),
(75869487329, '2021-08-19 15:23:16', 4668.00, 'loan payment', 0000000126, NULL, '1', 'Loan Installment Payment', NULL, 0000000000000080),
(75869487330, '2022-04-28 22:53:01', 5104.28, 'loan payment', 0000000127, NULL, '1', 'Loan Installment Payment', NULL, 0000000000000081),
(75869487331, '2021-08-25 11:03:09', 4537.83, 'loan payment', 0000000128, NULL, '1', 'Loan Installment Payment', NULL, 0000000000000082),
(75869487332, '2021-12-20 23:12:17', 1400.06, 'loan payment', 0000000129, NULL, '1', 'Loan Installment Payment', NULL, 0000000000000083),
(75869487333, '2022-10-17 00:00:00', 0.00, NULL, NULL, NULL, '1', 'Loan Installment Payment', NULL, NULL),
(75869487334, '2023-03-04 00:02:56', 1649.19, 'loan payment', 0000000131, NULL, '1', 'Loan Installment Payment', NULL, 0000000000000084),
(75869487335, '2021-06-12 00:29:13', 6996.75, 'loan payment', 0000000133, NULL, '1', 'Loan Installment Payment', NULL, 0000000000000086),
(75869487336, '2020-11-25 20:16:54', 2854.67, 'loan payment', 0000000135, NULL, '1', 'Loan Installment Payment', NULL, 0000000000000088),
(75869487337, '2023-05-12 14:27:33', 6433.28, 'loan payment', 0000000136, NULL, '1', 'Loan Installment Payment', NULL, 0000000000000089),
(75869487338, '2023-04-22 06:12:58', 6247.50, 'loan payment', 0000000137, NULL, '1', 'Loan Installment Payment', NULL, 0000000000000090),
(75869487339, '2023-04-18 10:28:05', 2130.79, 'loan payment', 0000000138, NULL, '1', 'Loan Installment Payment', NULL, 0000000000000091),
(75869487340, '2023-04-05 07:41:54', 2065.03, 'loan payment', 0000000139, NULL, '1', 'Loan Installment Payment', NULL, 0000000000000092),
(75869487341, '2022-10-01 00:00:00', 0.00, NULL, NULL, NULL, '1', 'Loan Installment Payment', NULL, NULL),
(75869487342, '2021-02-13 00:00:00', 0.00, NULL, NULL, NULL, '1', 'Loan Installment Payment', NULL, NULL),
(75869487343, '2023-05-19 03:05:58', 5846.50, 'loan payment', 0000000142, NULL, '1', 'Loan Installment Payment', NULL, 0000000000000093),
(75869487344, '2022-07-24 11:13:28', 2056.81, 'loan payment', 0000000144, NULL, '1', 'Loan Installment Payment', NULL, 0000000000000094),
(75869487364, '2023-05-28 00:00:00', 0.00, NULL, 0000000005, NULL, '1', 'Withdrawal', NULL, NULL),
(75869487365, '2023-05-28 00:00:00', 2500.00, NULL, 0000000006, NULL, '1', 'Withdrawal', NULL, NULL),
(75869487366, '2023-05-28 00:00:00', 500.00, 'Withdraw', 0000000007, NULL, '1', 'Withdrawal', NULL, NULL),
(75869487367, '2023-05-27 00:00:00', 1000.00, 'Withdraw', 0000000010, NULL, '1', 'Withdrawal', NULL, NULL),
(75869487368, '2023-05-27 00:00:00', 0.00, NULL, 0000000011, NULL, '1', 'Withdrawal', NULL, NULL),
(75869487369, '2023-05-27 00:00:00', 5200.00, NULL, 0000000014, NULL, '1', 'Withdrawal', NULL, NULL),
(75869487370, '2023-05-28 00:00:00', 500.00, NULL, 0000000015, NULL, '1', 'Withdrawal', NULL, NULL),
(75869487371, '2023-05-28 00:00:00', 0.00, NULL, 0000000016, NULL, '1', 'Withdrawal', NULL, NULL),
(75869487372, '2021-03-17 00:00:00', 6500.00, NULL, 0000000017, NULL, '1', 'Withdrawal', NULL, NULL),
(75869487373, '2023-05-28 00:00:00', 3400.00, NULL, 0000000020, NULL, '1', 'Withdrawal', NULL, NULL),
(75869487374, '2021-08-19 00:00:00', 2000.00, NULL, 0000000022, NULL, '1', 'Withdrawal', NULL, NULL),
(75869487375, '2023-01-02 00:00:00', 6200.00, 'Withdraw', 0000000023, NULL, '1', 'Withdrawal', NULL, NULL),
(75869487376, '2023-02-23 00:00:00', 5800.00, NULL, 0000000025, NULL, '1', 'Withdrawal', NULL, NULL),
(75869487377, '2023-04-16 00:00:00', 3200.00, NULL, 0000000028, NULL, '1', 'Withdrawal', NULL, NULL),
(75869487378, '2023-04-18 00:00:00', 600.00, NULL, 0000000029, NULL, '1', 'Withdrawal', NULL, NULL),
(75869487379, '2021-05-20 00:00:00', 6200.00, NULL, 0000000030, NULL, '1', 'Withdrawal', NULL, NULL),
(75869487380, '2022-07-18 00:00:00', 1200.00, NULL, 0000000034, NULL, '1', 'Withdrawal', NULL, NULL),
(75869487381, '2022-09-13 00:00:00', 1600.00, NULL, 0000000036, NULL, '1', 'Withdrawal', NULL, NULL),
(75869487382, '2022-04-06 00:00:00', 600.00, 'Withdraw', 0000000042, NULL, '1', 'Withdrawal', NULL, NULL),
(75869487383, '2022-10-21 00:00:00', 1600.00, NULL, 0000000043, NULL, '1', 'Withdrawal', NULL, NULL),
(75869487384, '2022-01-11 00:00:00', 5200.00, NULL, 0000000044, NULL, '1', 'Withdrawal', NULL, NULL),
(75869487385, '2022-07-25 00:00:00', 100.00, NULL, 0000000048, NULL, '1', 'Withdrawal', NULL, NULL),
(75869487386, '2021-08-22 00:00:00', 4500.00, NULL, 0000000054, NULL, '1', 'Withdrawal', NULL, NULL),
(75869487387, '2022-11-03 00:00:00', 0.00, NULL, 0000000060, NULL, '1', 'Withdrawal', NULL, NULL),
(75869487388, '2023-03-29 00:00:00', 2700.00, 'Withdraw', 0000000070, NULL, '1', 'Withdrawal', NULL, NULL),
(75869487389, '2023-02-25 00:00:00', 3600.00, NULL, 0000000073, NULL, '1', 'Withdrawal', NULL, NULL),
(75869487390, '2021-06-11 00:00:00', 900.00, 'Withdraw', 0000000074, NULL, '1', 'Withdrawal', NULL, NULL),
(75869487391, '2023-05-26 00:00:00', 5600.00, NULL, 0000000077, NULL, '1', 'Withdrawal', NULL, NULL),
(75869487392, '2022-10-23 00:00:00', 5600.00, NULL, 0000000086, NULL, '1', 'Withdrawal', NULL, NULL),
(75869487393, '2021-11-08 00:00:00', 1800.00, NULL, 0000000087, NULL, '1', 'Withdrawal', NULL, NULL),
(75869487394, '2022-09-24 00:00:00', 2800.00, NULL, 0000000089, NULL, '1', 'Withdrawal', NULL, NULL),
(75869487395, '2022-09-18 00:00:00', 0.00, 'Withdraw', 0000000092, NULL, '1', 'Withdrawal', NULL, NULL),
(75869487396, '2021-11-03 00:00:00', 300.00, NULL, 0000000093, NULL, '1', 'Withdrawal', NULL, NULL),
(75869487397, '2023-03-24 00:00:00', 3300.00, NULL, 0000000098, NULL, '1', 'Withdrawal', NULL, NULL),
(75869487398, '2022-09-23 00:00:00', 4900.00, 'Withdraw', 0000000102, NULL, '1', 'Withdrawal', NULL, NULL),
(75869487399, '2022-08-06 00:00:00', 400.00, NULL, 0000000105, NULL, '1', 'Withdrawal', NULL, NULL),
(75869487400, '2022-10-03 00:00:00', 4000.00, NULL, 0000000107, NULL, '1', 'Withdrawal', NULL, NULL),
(75869487401, '2021-08-07 00:00:00', 2500.00, NULL, 0000000108, NULL, '1', 'Withdrawal', NULL, NULL),
(75869487402, '2023-04-07 00:00:00', 600.00, 'Withdraw', 0000000110, NULL, '1', 'Withdrawal', NULL, NULL),
(75869487403, '2021-01-08 00:00:00', 1800.00, NULL, 0000000111, NULL, '1', 'Withdrawal', NULL, NULL),
(75869487404, '2021-12-21 00:00:00', 3100.00, 'Withdraw', 0000000114, NULL, '1', 'Withdrawal', NULL, NULL),
(75869487405, '2022-12-10 00:00:00', 600.00, 'Withdraw', 0000000116, NULL, '1', 'Withdrawal', NULL, NULL),
(75869487406, '2020-10-01 00:00:00', 200.00, NULL, 0000000117, NULL, '1', 'Withdrawal', NULL, NULL),
(75869487407, '2021-03-14 00:00:00', 3600.00, NULL, 0000000123, NULL, '1', 'Withdrawal', NULL, NULL),
(75869487408, '2023-01-27 00:00:00', 4200.00, 'Withdraw', 0000000124, NULL, '1', 'Withdrawal', NULL, NULL),
(75869487409, '2022-12-30 00:00:00', 1100.00, NULL, 0000000130, NULL, '1', 'Withdrawal', NULL, NULL),
(75869487410, '2022-01-09 00:00:00', 2900.00, NULL, 0000000140, NULL, '1', 'Withdrawal', NULL, NULL),
(75869487411, '2022-06-26 00:00:00', 8200.00, NULL, 0000000141, NULL, '1', 'Withdrawal', NULL, NULL),
(75869487412, '2022-01-22 00:00:00', 5500.00, NULL, 0000000143, NULL, '1', 'Withdrawal', NULL, NULL),
(75869487430, '2023-05-27 04:44:51', 10000.00, 'bill payment', 0000000001, NULL, '1', 'Bill Payment', 000000000001, NULL),
(75869487431, '2023-05-27 04:59:46', 5000.00, 'bill payment', 0000000002, NULL, '1', 'Bill Payment', 000000000002, NULL),
(75869487432, '2023-05-27 04:03:30', 5000.00, 'bill payment', 0000000003, NULL, '1', 'Bill Payment', 000000000003, NULL),
(75869487433, '2023-05-27 04:46:58', 1500.00, 'bill payment', 0000000004, NULL, '1', 'Bill Payment', 000000000004, NULL),
(75869487434, '2023-05-27 04:46:58', 2000.00, 'bill payment', 0000000005, NULL, '1', 'Bill Payment', 000000000005, NULL),
(75869487435, '2023-05-27 04:02:54', 1000.00, 'bill payment', 0000000006, NULL, '1', 'Bill Payment', 000000000006, NULL),
(75869487436, '2023-05-27 04:02:55', 2000.00, 'bill payment', 0000000007, NULL, '1', 'Bill Payment', 000000000007, NULL),
(75869487437, '2023-05-27 04:02:56', 5500.00, 'bill payment', 0000000008, NULL, '1', 'Bill Payment', 000000000008, NULL),
(75869487438, '2023-05-27 04:02:46', 8200.00, 'bill payment', 0000000009, NULL, '1', 'Bill Payment', 000000000009, NULL),
(75869487439, '2023-05-27 04:02:44', 7800.00, 'bill payment', 0000000010, NULL, '1', 'Bill Payment', 000000000010, NULL),
(75869487440, '2023-05-27 04:02:43', 6100.00, 'bill payment', 0000000011, NULL, '1', 'Bill Payment', 000000000011, NULL),
(75869487441, '2023-05-27 04:02:21', 6600.00, 'bill payment', 0000000012, NULL, '1', 'Bill Payment', 000000000012, NULL),
(75869487442, '2023-05-27 04:02:39', 3700.00, 'bill payment', 0000000015, NULL, '1', 'Bill Payment', 000000000015, NULL),
(75869487443, '2023-05-27 04:02:53', 4900.00, 'bill payment', 0000000016, NULL, '1', 'Bill Payment', 000000000016, NULL),
(75869487444, '2019-08-24 05:09:53', 10400.00, 'bill payment', 0000000017, NULL, '1', 'Bill Payment', 000000000017, NULL),
(75869487445, '2023-05-27 04:02:36', 5800.00, 'bill payment', 0000000018, NULL, '1', 'Bill Payment', 000000000018, NULL),
(75869487446, '2023-05-27 04:02:35', 8000.00, 'bill payment', 0000000019, NULL, '1', 'Bill Payment', 000000000019, NULL),
(75869487447, '2022-09-02 00:00:00', 2200.00, 'bill payment', 0000000022, NULL, '1', 'Bill Payment', 000000000022, NULL),
(75869487448, '2021-11-13 00:00:00', 4400.00, 'bill payment', 0000000023, NULL, '1', 'Bill Payment', 000000000023, NULL),
(75869487449, '2022-09-16 00:00:00', 5400.00, 'bill payment', 0000000024, NULL, '1', 'Bill Payment', 000000000024, NULL),
(75869487450, '2023-04-09 00:00:00', 4700.00, 'bill payment', 0000000025, NULL, '1', 'Bill Payment', 000000000025, NULL),
(75869487451, '2022-08-21 00:00:00', 2900.00, 'bill payment', 0000000026, NULL, '1', 'Bill Payment', 000000000026, NULL),
(75869487452, '2023-05-10 00:00:00', 9300.00, 'bill payment', 0000000029, NULL, '1', 'Bill Payment', 000000000029, NULL),
(75869487453, '2021-06-17 00:00:00', 1400.00, 'bill payment', 0000000030, NULL, '1', 'Bill Payment', 000000000030, NULL),
(75869487454, '2021-01-09 00:00:00', 4000.00, 'bill payment', 0000000031, NULL, '1', 'Bill Payment', 000000000031, NULL),
(75869487455, '2022-12-09 00:00:00', 5200.00, 'bill payment', 0000000032, NULL, '1', 'Bill Payment', 000000000032, NULL),
(75869487456, '2021-07-31 00:00:00', 4300.00, 'bill payment', 0000000033, NULL, '1', 'Bill Payment', 000000000033, NULL),
(75869487457, '2021-10-07 00:00:00', 5400.00, 'bill payment', 0000000036, NULL, '1', 'Bill Payment', 000000000036, NULL),
(75869487458, '2022-11-22 00:00:00', 4400.00, 'bill payment', 0000000037, NULL, '1', 'Bill Payment', 000000000037, NULL),
(75869487459, '2022-03-21 00:00:00', 6700.00, 'bill payment', 0000000038, NULL, '1', 'Bill Payment', 000000000038, NULL),
(75869487460, '2022-11-04 00:00:00', 8300.00, 'bill payment', 0000000039, NULL, '1', 'Bill Payment', 000000000039, NULL),
(75869487461, '2022-11-21 00:00:00', 9000.00, 'bill payment', 0000000040, NULL, '1', 'Bill Payment', 000000000040, NULL),
(75869487462, '2022-12-06 00:00:00', 2500.00, 'bill payment', 0000000043, NULL, '1', 'Bill Payment', 000000000043, NULL),
(75869487463, '2023-04-17 00:00:00', 6600.00, 'bill payment', 0000000044, NULL, '1', 'Bill Payment', 000000000044, NULL),
(75869487464, '2022-10-19 00:00:00', 5300.00, 'bill payment', 0000000045, NULL, '1', 'Bill Payment', 000000000045, NULL),
(75869487465, '2023-03-23 00:00:00', 2400.00, 'bill payment', 0000000046, NULL, '1', 'Bill Payment', 000000000046, NULL),
(75869487466, '2022-08-07 00:00:00', 9200.00, 'bill payment', 0000000047, NULL, '1', 'Bill Payment', 000000000047, NULL),
(75869487467, '2023-01-06 00:00:00', 10400.00, 'bill payment', 0000000050, NULL, '1', 'Bill Payment', 000000000050, NULL),
(75869487468, '2021-11-02 00:00:00', 3500.00, 'bill payment', 0000000051, NULL, '1', 'Bill Payment', 000000000051, NULL),
(75869487469, '2023-03-30 00:00:00', 3200.00, 'bill payment', 0000000052, NULL, '1', 'Bill Payment', 000000000052, NULL),
(75869487470, '2023-02-26 00:00:00', 10500.00, 'bill payment', 0000000053, NULL, '1', 'Bill Payment', 000000000053, NULL),
(75869487471, '2021-08-24 00:00:00', 3000.00, 'bill payment', 0000000054, NULL, '1', 'Bill Payment', 000000000054, NULL),
(75869487472, '2021-11-07 00:00:00', 7200.00, 'bill payment', 0000000057, NULL, '1', 'Bill Payment', 000000000057, NULL),
(75869487473, '2022-10-06 00:00:00', 6700.00, 'bill payment', 0000000058, NULL, '1', 'Bill Payment', 000000000058, NULL),
(75869487474, '2023-05-15 00:00:00', 3000.00, 'bill payment', 0000000059, NULL, '1', 'Bill Payment', 000000000059, NULL),
(75869487475, '2022-07-25 00:00:00', 7600.00, 'bill payment', 0000000060, NULL, '1', 'Bill Payment', 000000000060, NULL),
(75869487476, '2023-05-08 00:00:00', 9500.00, 'bill payment', 0000000061, NULL, '1', 'Bill Payment', 000000000061, NULL),
(75869487477, '2023-03-30 00:00:00', 1100.00, 'bill payment', 0000000064, NULL, '1', 'Bill Payment', 000000000064, NULL),
(75869487478, '2021-11-06 00:00:00', 10600.00, 'bill payment', 0000000065, NULL, '1', 'Bill Payment', 000000000065, NULL),
(75869487479, '2022-03-30 00:00:00', 2700.00, 'bill payment', 0000000066, NULL, '1', 'Bill Payment', 000000000066, NULL),
(75869487480, '2021-07-27 00:00:00', 7900.00, 'bill payment', 0000000067, NULL, '1', 'Bill Payment', 000000000067, NULL),
(75869487481, '2022-10-26 00:00:00', 6400.00, 'bill payment', 0000000068, NULL, '1', 'Bill Payment', 000000000068, NULL),
(75869487482, '2023-03-25 00:00:00', 3400.00, 'bill payment', 0000000071, NULL, '1', 'Bill Payment', 000000000071, NULL),
(75869487483, '2021-03-23 00:00:00', 3300.00, 'bill payment', 0000000072, NULL, '1', 'Bill Payment', 000000000072, NULL),
(75869487484, '2022-06-21 00:00:00', 3100.00, 'bill payment', 0000000073, NULL, '1', 'Bill Payment', 000000000073, NULL),
(75869487485, '2021-09-13 00:00:00', 10600.00, 'bill payment', 0000000074, NULL, '1', 'Bill Payment', 000000000074, NULL),
(75869487486, '2023-04-27 00:00:00', 5700.00, 'bill payment', 0000000075, NULL, '1', 'Bill Payment', 000000000075, NULL),
(75869487487, '2022-09-03 00:00:00', 3000.00, 'bill payment', 0000000078, NULL, '1', 'Bill Payment', 000000000078, NULL),
(75869487488, '2023-01-08 00:00:00', 5900.00, 'bill payment', 0000000079, NULL, '1', 'Bill Payment', 000000000079, NULL),
(75869487489, '2023-03-05 00:00:00', 7500.00, 'bill payment', 0000000080, NULL, '1', 'Bill Payment', 000000000080, NULL),
(75869487490, '2022-11-19 00:00:00', 10100.00, 'bill payment', 0000000081, NULL, '1', 'Bill Payment', 000000000081, NULL),
(75869487491, '2021-08-14 00:00:00', 6700.00, 'bill payment', 0000000082, NULL, '1', 'Bill Payment', 000000000082, NULL),
(75869487492, '2021-07-24 00:00:00', 1400.00, 'bill payment', 0000000085, NULL, '1', 'Bill Payment', 000000000085, NULL),
(75869487493, '2023-03-30 00:00:00', 2900.00, 'bill payment', 0000000086, NULL, '1', 'Bill Payment', 000000000086, NULL),
(75869487494, '2022-05-20 00:00:00', 4500.00, 'bill payment', 0000000087, NULL, '1', 'Bill Payment', 000000000087, NULL),
(75869487495, '2022-07-05 00:00:00', 9800.00, 'bill payment', 0000000088, NULL, '1', 'Bill Payment', 000000000088, NULL),
(75869487496, '2023-05-25 00:00:00', 7600.00, 'bill payment', 0000000089, NULL, '1', 'Bill Payment', 000000000089, NULL),
(75869487497, '2022-12-08 00:00:00', 10100.00, 'bill payment', 0000000092, NULL, '1', 'Bill Payment', 000000000092, NULL),
(75869487498, '2022-07-07 00:00:00', 8000.00, 'bill payment', 0000000093, NULL, '1', 'Bill Payment', 000000000093, NULL),
(75869487499, '2023-03-19 00:00:00', 2000.00, 'bill payment', 0000000094, NULL, '1', 'Bill Payment', 000000000094, NULL),
(75869487500, '2022-07-15 00:00:00', 8400.00, 'bill payment', 0000000095, NULL, '1', 'Bill Payment', 000000000095, NULL),
(75869487501, '2023-05-19 00:00:00', 3100.00, 'bill payment', 0000000096, NULL, '1', 'Bill Payment', 000000000096, NULL),
(75869487502, '2023-04-24 00:00:00', 5600.00, 'bill payment', 0000000099, NULL, '1', 'Bill Payment', 000000000099, NULL),
(75869487503, '2022-11-07 00:00:00', 7100.00, 'bill payment', 0000000100, NULL, '1', 'Bill Payment', 000000000100, NULL),
(75869487504, '2023-02-12 00:00:00', 6500.00, 'bill payment', 0000000101, NULL, '1', 'Bill Payment', 000000000101, NULL),
(75869487505, '2022-11-07 00:00:00', 10900.00, 'bill payment', 0000000102, NULL, '1', 'Bill Payment', 000000000102, NULL),
(75869487506, '2023-04-04 00:00:00', 9800.00, 'bill payment', 0000000103, NULL, '1', 'Bill Payment', 000000000103, NULL),
(75869487507, '2023-01-09 00:00:00', 7200.00, 'bill payment', 0000000106, NULL, '1', 'Bill Payment', 000000000106, NULL),
(75869487508, '2022-04-25 00:00:00', 7700.00, 'bill payment', 0000000107, NULL, '1', 'Bill Payment', 000000000107, NULL),
(75869487509, '2020-11-10 00:00:00', 3800.00, 'bill payment', 0000000108, NULL, '1', 'Bill Payment', 000000000108, NULL),
(75869487510, '2022-05-26 00:00:00', 3800.00, 'bill payment', 0000000109, NULL, '1', 'Bill Payment', 000000000109, NULL),
(75869487511, '2023-04-20 00:00:00', 9100.00, 'bill payment', 0000000110, NULL, '1', 'Bill Payment', 000000000110, NULL),
(75869487512, '2023-01-25 00:00:00', 9900.00, 'bill payment', 0000000113, NULL, '1', 'Bill Payment', 000000000113, NULL),
(75869487513, '2022-07-22 00:00:00', 1000.00, 'bill payment', 0000000114, NULL, '1', 'Bill Payment', 000000000114, NULL),
(75869487514, '2023-04-08 00:00:00', 1700.00, 'bill payment', 0000000115, NULL, '1', 'Bill Payment', 000000000115, NULL),
(75869487515, '2022-07-22 00:00:00', 5000.00, 'bill payment', 0000000116, NULL, '1', 'Bill Payment', 000000000116, NULL),
(75869487516, '2022-05-21 00:00:00', 10400.00, 'bill payment', 0000000117, NULL, '1', 'Bill Payment', 000000000117, NULL),
(75869487517, '2021-09-29 00:00:00', 4000.00, 'bill payment', 0000000120, NULL, '1', 'Bill Payment', 000000000120, NULL),
(75869487518, '2022-06-07 00:00:00', 1400.00, 'bill payment', 0000000121, NULL, '1', 'Bill Payment', 000000000121, NULL),
(75869487519, '2023-04-19 00:00:00', 1500.00, 'bill payment', 0000000122, NULL, '1', 'Bill Payment', 000000000122, NULL),
(75869487520, '2021-10-17 00:00:00', 7200.00, 'bill payment', 0000000123, NULL, '1', 'Bill Payment', 000000000123, NULL),
(75869487521, '2022-06-27 00:00:00', 4500.00, 'bill payment', 0000000124, NULL, '1', 'Bill Payment', 000000000124, NULL),
(75869487522, '2021-09-22 00:00:00', 6800.00, 'bill payment', 0000000127, NULL, '1', 'Bill Payment', 000000000127, NULL),
(75869487523, '2023-02-09 00:00:00', 6400.00, 'bill payment', 0000000128, NULL, '1', 'Bill Payment', 000000000128, NULL),
(75869487524, '2021-09-06 00:00:00', 2300.00, 'bill payment', 0000000129, NULL, '1', 'Bill Payment', 000000000129, NULL),
(75869487525, '2023-03-27 00:00:00', 7000.00, 'bill payment', 0000000130, NULL, '1', 'Bill Payment', 000000000130, NULL),
(75869487526, '2023-04-10 00:00:00', 4900.00, 'bill payment', 0000000131, NULL, '1', 'Bill Payment', 000000000131, NULL),
(75869487527, '2023-02-15 00:00:00', 3600.00, 'bill payment', 0000000134, NULL, '1', 'Bill Payment', 000000000134, NULL),
(75869487528, '2021-03-23 00:00:00', 5500.00, 'bill payment', 0000000135, NULL, '1', 'Bill Payment', 000000000135, NULL),
(75869487529, '2023-05-25 00:00:00', 3800.00, 'bill payment', 0000000136, NULL, '1', 'Bill Payment', 000000000136, NULL),
(75869487530, '2023-05-12 00:00:00', 3200.00, 'bill payment', 0000000137, NULL, '1', 'Bill Payment', 000000000137, NULL),
(75869487531, '2022-11-05 00:00:00', 9000.00, 'bill payment', 0000000138, NULL, '1', 'Bill Payment', 000000000138, NULL),
(75869487532, '2021-10-13 00:00:00', 2800.00, 'bill payment', 0000000141, NULL, '1', 'Bill Payment', 000000000141, NULL),
(75869487533, '2022-11-23 00:00:00', 6400.00, 'bill payment', 0000000142, NULL, '1', 'Bill Payment', 000000000142, NULL),
(75869487534, '2022-01-12 00:00:00', 6800.00, 'bill payment', 0000000143, NULL, '1', 'Bill Payment', 000000000143, NULL),
(75869487535, '2022-08-06 00:00:00', 4200.00, 'bill payment', 0000000144, NULL, '1', 'Bill Payment', 000000000144, NULL),
(75869487536, '2022-08-21 00:00:00', 9300.00, 'bill payment', 0000000145, NULL, '1', 'Bill Payment', 000000000145, NULL);

--
-- Indexes for dumped tables
--

--
-- Indexes for table `account`
--
ALTER TABLE `account`
  ADD PRIMARY KEY (`account_id`),
  ADD KEY `customer_id` (`customer_id`),
  ADD KEY `bank_id` (`bank_id`);

--
-- Indexes for table `bank`
--
ALTER TABLE `bank`
  ADD PRIMARY KEY (`bank_id`);

--
-- Indexes for table `bill`
--
ALTER TABLE `bill`
  ADD PRIMARY KEY (`bill_id`),
  ADD KEY `biller_id` (`biller_id`),
  ADD KEY `account_id` (`account_id`);

--
-- Indexes for table `billerinfo`
--
ALTER TABLE `billerinfo`
  ADD PRIMARY KEY (`biller_id`),
  ADD KEY `postcode` (`postcode`);

--
-- Indexes for table `creditcard`
--
ALTER TABLE `creditcard`
  ADD PRIMARY KEY (`card_no`),
  ADD KEY `customer_ID` (`customer_ID`);

--
-- Indexes for table `customer`
--
ALTER TABLE `customer`
  ADD PRIMARY KEY (`customer_ID`),
  ADD KEY `customer_postcode` (`customer_postcode`);

--
-- Indexes for table `employee`
--
ALTER TABLE `employee`
  ADD PRIMARY KEY (`employee_id`);

--
-- Indexes for table `error`
--
ALTER TABLE `error`
  ADD PRIMARY KEY (`err_code`);

--
-- Indexes for table `loan`
--
ALTER TABLE `loan`
  ADD PRIMARY KEY (`loan_id`),
  ADD KEY `account_id` (`account_id`);

--
-- Indexes for table `managehistory`
--
ALTER TABLE `managehistory`
  ADD PRIMARY KEY (`datetime`,`employee_id`),
  ADD KEY `account_id` (`account_id`),
  ADD KEY `customer_ID` (`customer_ID`),
  ADD KEY `card_no` (`card_no`);

--
-- Indexes for table `postcode`
--
ALTER TABLE `postcode`
  ADD PRIMARY KEY (`customer_postcode`);

--
-- Indexes for table `transaction`
--
ALTER TABLE `transaction`
  ADD PRIMARY KEY (`transaction_id`),
  ADD KEY `account_transferor` (`account_transferor`),
  ADD KEY `account_receiver` (`account_receiver`),
  ADD KEY `err_code` (`err_code`),
  ADD KEY `bill_id` (`bill_id`),
  ADD KEY `loan_id` (`loan_id`);

--
-- AUTO_INCREMENT for dumped tables
--

--
-- AUTO_INCREMENT for table `account`
--
ALTER TABLE `account`
  MODIFY `account_id` int(10) UNSIGNED ZEROFILL NOT NULL AUTO_INCREMENT, AUTO_INCREMENT=147;

--
-- AUTO_INCREMENT for table `bill`
--
ALTER TABLE `bill`
  MODIFY `bill_id` int(12) UNSIGNED ZEROFILL NOT NULL AUTO_INCREMENT, AUTO_INCREMENT=148;

--
-- AUTO_INCREMENT for table `billerinfo`
--
ALTER TABLE `billerinfo`
  MODIFY `biller_id` int(16) UNSIGNED ZEROFILL NOT NULL AUTO_INCREMENT, AUTO_INCREMENT=7;

--
-- AUTO_INCREMENT for table `employee`
--
ALTER TABLE `employee`
  MODIFY `employee_id` int(9) UNSIGNED ZEROFILL NOT NULL AUTO_INCREMENT, AUTO_INCREMENT=31;

--
-- AUTO_INCREMENT for table `loan`
--
ALTER TABLE `loan`
  MODIFY `loan_id` int(16) UNSIGNED ZEROFILL NOT NULL AUTO_INCREMENT, AUTO_INCREMENT=128;

--
-- AUTO_INCREMENT for table `transaction`
--
ALTER TABLE `transaction`
  MODIFY `transaction_id` bigint(11) NOT NULL AUTO_INCREMENT, AUTO_INCREMENT=75869487557;

--
-- Constraints for dumped tables
--

--
-- Constraints for table `account`
--
ALTER TABLE `account`
  ADD CONSTRAINT `account_ibfk_1` FOREIGN KEY (`customer_id`) REFERENCES `customer` (`customer_ID`),
  ADD CONSTRAINT `account_ibfk_2` FOREIGN KEY (`bank_id`) REFERENCES `bank` (`bank_id`);

--
-- Constraints for table `bill`
--
ALTER TABLE `bill`
  ADD CONSTRAINT `bill_ibfk_1` FOREIGN KEY (`biller_id`) REFERENCES `billerinfo` (`biller_id`),
  ADD CONSTRAINT `bill_ibfk_2` FOREIGN KEY (`account_id`) REFERENCES `account` (`account_id`);

--
-- Constraints for table `billerinfo`
--
ALTER TABLE `billerinfo`
  ADD CONSTRAINT `billerinfo_ibfk_1` FOREIGN KEY (`postcode`) REFERENCES `postcode` (`customer_postcode`);

--
-- Constraints for table `creditcard`
--
ALTER TABLE `creditcard`
  ADD CONSTRAINT `creditcard_ibfk_1` FOREIGN KEY (`customer_ID`) REFERENCES `customer` (`customer_ID`);

--
-- Constraints for table `customer`
--
ALTER TABLE `customer`
  ADD CONSTRAINT `customer_ibfk_1` FOREIGN KEY (`customer_postcode`) REFERENCES `postcode` (`customer_postcode`);

--
-- Constraints for table `loan`
--
ALTER TABLE `loan`
  ADD CONSTRAINT `loan_ibfk_1` FOREIGN KEY (`account_id`) REFERENCES `account` (`account_id`);

--
-- Constraints for table `managehistory`
--
ALTER TABLE `managehistory`
  ADD CONSTRAINT `managehistory_ibfk_1` FOREIGN KEY (`account_id`) REFERENCES `account` (`account_id`),
  ADD CONSTRAINT `managehistory_ibfk_2` FOREIGN KEY (`customer_ID`) REFERENCES `customer` (`customer_ID`),
  ADD CONSTRAINT `managehistory_ibfk_3` FOREIGN KEY (`card_no`) REFERENCES `creditcard` (`card_no`);

--
-- Constraints for table `transaction`
--
ALTER TABLE `transaction`
  ADD CONSTRAINT `transaction_ibfk_1` FOREIGN KEY (`account_transferor`) REFERENCES `account` (`account_id`),
  ADD CONSTRAINT `transaction_ibfk_2` FOREIGN KEY (`account_receiver`) REFERENCES `account` (`account_id`),
  ADD CONSTRAINT `transaction_ibfk_3` FOREIGN KEY (`err_code`) REFERENCES `error` (`err_code`),
  ADD CONSTRAINT `transaction_ibfk_4` FOREIGN KEY (`bill_id`) REFERENCES `bill` (`bill_id`),
  ADD CONSTRAINT `transaction_ibfk_5` FOREIGN KEY (`loan_id`) REFERENCES `loan` (`loan_id`);
COMMIT;

/*!40101 SET CHARACTER_SET_CLIENT=@OLD_CHARACTER_SET_CLIENT */;
/*!40101 SET CHARACTER_SET_RESULTS=@OLD_CHARACTER_SET_RESULTS */;
/*!40101 SET COLLATION_CONNECTION=@OLD_COLLATION_CONNECTION */;